tr|A8AA12|A8AA12_IGNH4,tr|I0A083|I0A083_FERFK,tr|L0HNG9|L0HNG9_ACIS0
tr|L0HND3|L0HND3_ACIS0,tr|H9ZZY4|H9ZZY4_FERFK,tr|A8ACA0|A8ACA0_IGNH4
tr|L0HIR1|L0HIR1_ACIS0,tr|I0A2N9|I0A2N9_FERFK,tr|A8A967|A8A967_IGNH4
tr|L0HN54|L0HN54_ACIS0,tr|I0A0L0|I0A0L0_FERFK,tr|A8AC71|A8AC71_IGNH4
tr|A8ABV3|A8ABV3_IGNH4,tr|I0A008|I0A008_FERFK,tr|L0HN47|L0HN47_ACIS0
tr|A8A984|A8A984_IGNH4,tr|I0A2Q8|I0A2Q8_FERFK,tr|L0HJN7|L0HJN7_ACIS0
tr|L0HMC9|L0HMC9_ACIS0,tr|I0A2P4|I0A2P4_FERFK,sp|A8A8L9|PFDA_IGNH4
tr|A8AC06|A8AC06_IGNH4,tr|H9ZZN6|H9ZZN6_FERFK,tr|L0HM68|L0HM68_ACIS0
tr|L0HJK9|L0HJK9_ACIS0,tr|I0A250|I0A250_FERFK,tr|A8A9Y1|A8A9Y1_IGNH4
tr|A8A9P8|A8A9P8_IGNH4,tr|I0A027|I0A027_FERFK,tr|L0HMV4|L0HMV4_ACIS0
tr|L0HN48|L0HN48_ACIS0,tr|I0A2W9|I0A2W9_FERFK,tr|A8A8Z2|A8A8Z2_IGNH4
tr|L0HP97|L0HP97_ACIS0,tr|H9ZZQ3|H9ZZQ3_FERFK,tr|A8AB09|A8AB09_IGNH4
tr|L0HQ28|L0HQ28_ACIS0,tr|I0A2P5|I0A2P5_FERFK,tr|A8ABQ2|A8ABQ2_IGNH4
tr|A8AA40|A8AA40_IGNH4,tr|I0A2M3|I0A2M3_FERFK,tr|L0HM63|L0HM63_ACIS0,tr|A8AAT4|A8AAT4_IGNH4,tr|I0A276|I0A276_FERFK
tr|A8A8Z3|A8A8Z3_IGNH4,tr|I0A2W8|I0A2W8_FERFK,tr|L0HJ37|L0HJ37_ACIS0
tr|A8AAJ6|A8AAJ6_IGNH4,tr|I0A2C4|I0A2C4_FERFK,tr|L0HKW1|L0HKW1_ACIS0
tr|L0HGU8|L0HGU8_ACIS0,tr|I0A1D8|I0A1D8_FERFK,sp|A8A990|TIAS_IGNH4
tr|A8AAM3|A8AAM3_IGNH4,tr|I0A2X1|I0A2X1_FERFK,tr|L0HL53|L0HL53_ACIS0
sp|A8ABX8|Y1254_IGNH4,tr|I0A2T6|I0A2T6_FERFK,tr|L0HMV2|L0HMV2_ACIS0
tr|L0HLN5|L0HLN5_ACIS0,tr|I0A182|I0A182_FERFK,tr|A8ABC9|A8ABC9_IGNH4
tr|L0HMX6|L0HMX6_ACIS0,tr|I0A2K6|I0A2K6_FERFK,sp|A8AAJ7|RS8E_IGNH4
tr|A8AAC3|A8AAC3_IGNH4,tr|I0A044|I0A044_FERFK,tr|L0HIG2|L0HIG2_ACIS0
tr|L0HMV2|L0HMV2_ACIS0,tr|I0A2T6|I0A2T6_FERFK,sp|A8ABX8|Y1254_IGNH4
tr|L0HP01|L0HP01_ACIS0,tr|I0A262|I0A262_FERFK,tr|A8A8E1|A8A8E1_IGNH4
tr|A8A9F6|A8A9F6_IGNH4,tr|I0A1N9|I0A1N9_FERFK,tr|L0HLQ8|L0HLQ8_ACIS0
tr|A8A8I8|A8A8I8_IGNH4,tr|H9ZZX1|H9ZZX1_FERFK,tr|L0HIU4|L0HIU4_ACIS0,tr|L0HKH9|L0HKH9_ACIS0
tr|L0HMN4|L0HMN4_ACIS0,tr|I0A0P7|I0A0P7_FERFK,tr|A8AAY0|A8AAY0_IGNH4
tr|L0HMQ7|L0HMQ7_ACIS0,tr|I0A2N5|I0A2N5_FERFK,tr|A8ABG0|A8ABG0_IGNH4
tr|A8A8H4|A8A8H4_IGNH4,tr|H9ZZW4|H9ZZW4_FERFK,tr|L0HK22|L0HK22_ACIS0
sp|A8AB69|Y992_IGNH4,tr|I0A0E1|I0A0E1_FERFK,tr|L0HM58|L0HM58_ACIS0
tr|A8AA34|A8AA34_IGNH4,tr|I0A264|I0A264_FERFK,tr|L0HIU9|L0HIU9_ACIS0
tr|L0HMD4|L0HMD4_ACIS0,tr|I0A0J9|I0A0J9_FERFK,sp|A8AA18|RS19_IGNH4
tr|A8A8Y7|A8A8Y7_IGNH4,tr|I0A0L8|I0A0L8_FERFK,tr|L0HKL7|L0HKL7_ACIS0
sp|A8A8W3|RS4_IGNH4,tr|I0A0E9|I0A0E9_FERFK,tr|L0HQN4|L0HQN4_ACIS0
tr|A8A9K9|A8A9K9_IGNH4,tr|I0A1J3|I0A1J3_FERFK,tr|L0HMU3|L0HMU3_ACIS0
tr|L0HNJ0|L0HNJ0_ACIS0,tr|H9ZZ97|H9ZZ97_FERFK,tr|A8ABL2|A8ABL2_IGNH4
tr|L0HN11|L0HN11_ACIS0,tr|I0A1T6|I0A1T6_FERFK,tr|A8AA39|A8AA39_IGNH4
tr|A8A9Q9|A8A9Q9_IGNH4,tr|I0A229|I0A229_FERFK,tr|L0HHZ6|L0HHZ6_ACIS0
tr|A8ABH8|A8ABH8_IGNH4,tr|H9ZZS8|H9ZZS8_FERFK,tr|L0HHN8|L0HHN8_ACIS0
tr|L0HKA8|L0HKA8_ACIS0,tr|H9ZZE7|H9ZZE7_FERFK,tr|A8AB14|A8AB14_IGNH4
sp|A8A9J7|DGGGP_IGNH4,tr|I0A2B5|I0A2B5_FERFK,tr|L0HK95|L0HK95_ACIS0
tr|L0HHM0|L0HHM0_ACIS0,tr|I0A1R8|I0A1R8_FERFK,sp|A8A9E3|SYP_IGNH4
tr|A8AAT5|A8AAT5_IGNH4,tr|I0A275|I0A275_FERFK,tr|L0HPC3|L0HPC3_ACIS0
tr|A8A8R3|A8A8R3_IGNH4,tr|I0A021|I0A021_FERFK,tr|L0HL86|L0HL86_ACIS0
tr|L0HNP0|L0HNP0_ACIS0,tr|I0A0K5|I0A0K5_FERFK,tr|A8AB43|A8AB43_IGNH4
tr|A8A9I1|A8A9I1_IGNH4,tr|I0A0Q0|I0A0Q0_FERFK,tr|L0HNG7|L0HNG7_ACIS0
tr|A8ABC9|A8ABC9_IGNH4,tr|I0A182|I0A182_FERFK,tr|L0HLN5|L0HLN5_ACIS0
tr|A8AA87|A8AA87_IGNH4,tr|I0A202|I0A202_FERFK,tr|L0HLZ9|L0HLZ9_ACIS0
tr|A8A925|A8A925_IGNH4,tr|I0A0T4|I0A0T4_FERFK,tr|L0HKK9|L0HKK9_ACIS0
tr|A8ABX7|A8ABX7_IGNH4,tr|I0A164|I0A164_FERFK,tr|L0HKI4|L0HKI4_ACIS0
tr|A8A931|A8A931_IGNH4,tr|I0A0S7|I0A0S7_FERFK,tr|L0HNE0|L0HNE0_ACIS0
tr|A8ABL5|A8ABL5_IGNH4,tr|H9ZZA0|H9ZZA0_FERFK,tr|L0HL88|L0HL88_ACIS0
tr|A8AB84|A8AB84_IGNH4,tr|H9ZZG8|H9ZZG8_FERFK,tr|L0HK45|L0HK45_ACIS0
tr|L0HK41|L0HK41_ACIS0,tr|H9ZZM9|H9ZZM9_FERFK,tr|A8ABS6|A8ABS6_IGNH4
tr|L0HNH6|L0HNH6_ACIS0,tr|H9ZZJ4|H9ZZJ4_FERFK,tr|A8ABY6|A8ABY6_IGNH4
tr|L0HMP6|L0HMP6_ACIS0,tr|I0A269|I0A269_FERFK,tr|A8AAJ3|A8AAJ3_IGNH4
tr|A8AAD8|A8AAD8_IGNH4,tr|I0A2Z9|I0A2Z9_FERFK,tr|L0HP20|L0HP20_ACIS0
tr|L0HMV0|L0HMV0_ACIS0,tr|I0A2T0|I0A2T0_FERFK,sp|A8AAR8|RL40_IGNH4
tr|A8ABP2|A8ABP2_IGNH4,tr|I0A0D6|I0A0D6_FERFK,tr|L0HKL9|L0HKL9_ACIS0,tr|A8A8L2|A8A8L2_IGNH4
tr|L0HJD0|L0HJD0_ACIS0,tr|I0A2X8|I0A2X8_FERFK,sp|A8ACA7|EF2_IGNH4
tr|A8AA81|A8AA81_IGNH4,tr|I0A0T5|I0A0T5_FERFK,tr|L0HPI2|L0HPI2_ACIS0
tr|L0HMB5|L0HMB5_ACIS0,tr|I0A1M8|I0A1M8_FERFK,tr|A8AC25|A8AC25_IGNH4
tr|A8A9Q7|A8A9Q7_IGNH4,tr|H9ZZM2|H9ZZM2_FERFK,tr|L0HLJ4|L0HLJ4_ACIS0
tr|A8A8S9|A8A8S9_IGNH4,tr|I0A1Z2|I0A1Z2_FERFK,tr|L0HNP1|L0HNP1_ACIS0,tr|I0A134|I0A134_FERFK
sp|A8AA22|RNP1_IGNH4,tr|I0A0J5|I0A0J5_FERFK,tr|L0HLQ0|L0HLQ0_ACIS0
tr|A8A8D9|A8A8D9_IGNH4,tr|I0A1X3|I0A1X3_FERFK,tr|L0HLD3|L0HLD3_ACIS0
tr|A8ABV1|A8ABV1_IGNH4,tr|H9ZZU1|H9ZZU1_FERFK,tr|L0HNU7|L0HNU7_ACIS0
tr|A8AB70|A8AB70_IGNH4,tr|I0A0W1|I0A0W1_FERFK,tr|L0HN74|L0HN74_ACIS0,tr|L0HIW5|L0HIW5_ACIS0
tr|A8ABR0|A8ABR0_IGNH4,tr|I0A158|I0A158_FERFK,tr|L0HPE4|L0HPE4_ACIS0
tr|L0HL43|L0HL43_ACIS0,tr|I0A2Q3|I0A2Q3_FERFK,tr|A8ABQ5|A8ABQ5_IGNH4
tr|L0HP51|L0HP51_ACIS0,tr|I0A0T0|I0A0T0_FERFK,sp|A8A929|RS12_IGNH4
tr|A8AB56|A8AB56_IGNH4,tr|I0A1J0|I0A1J0_FERFK,tr|L0HNY3|L0HNY3_ACIS0
sp|A8ABM5|EF1A_IGNH4,tr|I0A0S6|I0A0S6_FERFK,tr|L0HM29|L0HM29_ACIS0
tr|A8A964|A8A964_IGNH4,tr|I0A1F8|I0A1F8_FERFK,tr|L0HQQ5|L0HQQ5_ACIS0
sp|A8AAJ4|NOP10_IGNH4,tr|I0A270|I0A270_FERFK,tr|L0HNF7|L0HNF7_ACIS0
tr|L0HLQ6|L0HLQ6_ACIS0,tr|H9ZZX6|H9ZZX6_FERFK,tr|A8ABG9|A8ABG9_IGNH4
tr|L0HLJ4|L0HLJ4_ACIS0,tr|H9ZZM2|H9ZZM2_FERFK,tr|A8A9Q7|A8A9Q7_IGNH4
tr|A8A8P1|A8A8P1_IGNH4,tr|I0A142|I0A142_FERFK,tr|L0HMA1|L0HMA1_ACIS0
tr|L0HP14|L0HP14_ACIS0,tr|I0A1F0|I0A1F0_FERFK,tr|A8AAL2|A8AAL2_IGNH4
tr|A8AC61|A8AC61_IGNH4,tr|H9ZZZ8|H9ZZZ8_FERFK,tr|L0HJ44|L0HJ44_ACIS0
sp|A8A9X7|RIFK_IGNH4,tr|H9ZZS3|H9ZZS3_FERFK,tr|U3GK61|U3GK61_ACIS0
tr|L0HJP1|L0HJP1_ACIS0,tr|I0A2I9|I0A2I9_FERFK,tr|A8AAM9|A8AAM9_IGNH4
tr|A8ABV9|A8ABV9_IGNH4,tr|I0A1L4|I0A1L4_FERFK,tr|L0HJ18|L0HJ18_ACIS0
tr|L0HH01|L0HH01_ACIS0,tr|I0A2T3|I0A2T3_FERFK,tr|A8ABR1|A8ABR1_IGNH4
tr|A8AAC4|A8AAC4_IGNH4,tr|I0A252|I0A252_FERFK,tr|L0HJ39|L0HJ39_ACIS0
sp|A8A968|RL31_IGNH4,tr|I0A2P0|I0A2P0_FERFK,tr|L0HJG0|L0HJG0_ACIS0
tr|A8AA28|A8AA28_IGNH4,tr|H9ZZE5|H9ZZE5_FERFK,tr|L0HQ51|L0HQ51_ACIS0,tr|H9ZZY2|H9ZZY2_FERFK
tr|A8AAC8|A8AAC8_IGNH4,tr|H9ZZM8|H9ZZM8_FERFK,tr|L0HN65|L0HN65_ACIS0
tr|L0HNR2|L0HNR2_ACIS0,tr|I0A0H7|I0A0H7_FERFK,sp|A8AAI6|KCY_IGNH4
tr|A8ABG6|A8ABG6_IGNH4,tr|I0A2C2|I0A2C2_FERFK,tr|L0HJE0|L0HJE0_ACIS0
tr|L0HJT3|L0HJT3_ACIS0,tr|I0A1C6|I0A1C6_FERFK,tr|A8ACA9|A8ACA9_IGNH4
tr|A8A9E5|A8A9E5_IGNH4,tr|I0A0F7|I0A0F7_FERFK,tr|L0HPD9|L0HPD9_ACIS0,tr|L0HLX1|L0HLX1_ACIS0
tr|A8A8R1|A8A8R1_IGNH4,tr|I0A2E9|I0A2E9_FERFK,tr|L0HNS7|L0HNS7_ACIS0
tr|A8A966|A8A966_IGNH4,tr|I0A2N8|I0A2N8_FERFK,tr|L0HLI5|L0HLI5_ACIS0
tr|A8AB24|A8AB24_IGNH4,tr|I0A225|I0A225_FERFK,tr|L0HPU3|L0HPU3_ACIS0
tr|A8AC48|A8AC48_IGNH4,tr|I0A260|I0A260_FERFK,tr|L0HPR5|L0HPR5_ACIS0
tr|L0HNE3|L0HNE3_ACIS0,tr|I0A197|I0A197_FERFK,tr|A8ABU3|A8ABU3_IGNH4
tr|A8ABQ6|A8ABQ6_IGNH4,tr|I0A2Q4|I0A2Q4_FERFK,tr|L0HLU7|L0HLU7_ACIS0
tr|A8ABT5|A8ABT5_IGNH4,tr|H9ZZT4|H9ZZT4_FERFK,tr|L0HQI2|L0HQI2_ACIS0
sp|A8AC05|SUI1_IGNH4,tr|I0A1S8|I0A1S8_FERFK,tr|L0HL25|L0HL25_ACIS0
tr|A8AAQ0|A8AAQ0_IGNH4,tr|H9ZZN1|H9ZZN1_FERFK,tr|L0HKT9|L0HKT9_ACIS0
tr|A8AAY4|A8AAY4_IGNH4,tr|H9ZZJ5|H9ZZJ5_FERFK,tr|L0HPS9|L0HPS9_ACIS0
tr|L0HJU1|L0HJU1_ACIS0,tr|I0A2F0|I0A2F0_FERFK,tr|A8ABB1|A8ABB1_IGNH4
tr|A8ABV0|A8ABV0_IGNH4,tr|H9ZZU0|H9ZZU0_FERFK,tr|L0HLK7|L0HLK7_ACIS0
tr|A8A8E1|A8A8E1_IGNH4,tr|I0A262|I0A262_FERFK,tr|L0HP01|L0HP01_ACIS0
tr|A8A8G5|A8A8G5_IGNH4,tr|I0A298|I0A298_FERFK,tr|L0HJS0|L0HJS0_ACIS0
tr|L0HKF4|L0HKF4_ACIS0,tr|I0A068|I0A068_FERFK,tr|A8AAK9|A8AAK9_IGNH4
tr|L0HJK4|L0HJK4_ACIS0,tr|I0A1X4|I0A1X4_FERFK,tr|A8A8T3|A8A8T3_IGNH4
sp|A8AAF5|NDK_IGNH4,tr|I0A0D1|I0A0D1_FERFK,tr|L0HQ47|L0HQ47_ACIS0
tr|L0HJH3|L0HJH3_ACIS0,tr|I0A2G4|I0A2G4_FERFK,tr|A8A9C8|A8A9C8_IGNH4
tr|L0HQM0|L0HQM0_ACIS0,tr|I0A2K7|I0A2K7_FERFK,sp|A8AAJ8|SRP19_IGNH4
tr|A8A8V4|A8A8V4_IGNH4,tr|I0A118|I0A118_FERFK,tr|L0HHB0|L0HHB0_ACIS0
tr|L0HKY7|L0HKY7_ACIS0,tr|I0A0P5|I0A0P5_FERFK,tr|A8AAS5|A8AAS5_IGNH4
tr|L0HME9|L0HME9_ACIS0,tr|I0A0I4|I0A0I4_FERFK,sp|A8AC01|RL18_IGNH4
tr|L0HHJ1|L0HHJ1_ACIS0,tr|I0A1J5|I0A1J5_FERFK,sp|A8A9K6|GGGPS_IGNH4
tr|L0HK77|L0HK77_ACIS0,tr|I0A0C9|I0A0C9_FERFK,tr|A8AAA7|A8AAA7_IGNH4
tr|A8ABB1|A8ABB1_IGNH4,tr|I0A2F0|I0A2F0_FERFK,tr|L0HJU1|L0HJU1_ACIS0
tr|A8AAD2|A8AAD2_IGNH4,tr|H9ZZT0|H9ZZT0_FERFK,tr|L0HJI8|L0HJI8_ACIS0,tr|L0HMN6|L0HMN6_ACIS0
tr|L0HJ59|L0HJ59_ACIS0,tr|I0A0B2|I0A0B2_FERFK,tr|A8ABB7|A8ABB7_IGNH4
tr|L0HK95|L0HK95_ACIS0,tr|I0A2B5|I0A2B5_FERFK,sp|A8A9J7|DGGGP_IGNH4
tr|L0HN53|L0HN53_ACIS0,tr|I0A154|I0A154_FERFK,sp|A8AB68|SYC_IGNH4
tr|A8ABA9|A8ABA9_IGNH4,tr|H9ZZN0|H9ZZN0_FERFK,tr|L0HMU5|L0HMU5_ACIS0
tr|A8ACC8|A8ACC8_IGNH4,tr|I0A1W0|I0A1W0_FERFK,tr|L0HNN6|L0HNN6_ACIS0
tr|A8ABY1|A8ABY1_IGNH4,tr|I0A2I7|I0A2I7_FERFK,tr|L0HJL1|L0HJL1_ACIS0
tr|A8A8F7|A8A8F7_IGNH4,tr|I0A1P0|I0A1P0_FERFK,tr|L0HK66|L0HK66_ACIS0
tr|L0HJV0|L0HJV0_ACIS0,tr|I0A2F9|I0A2F9_FERFK,tr|A8A9T8|A8A9T8_IGNH4
tr|A8A8S0|A8A8S0_IGNH4,tr|I0A1A8|I0A1A8_FERFK,tr|L0HLZ3|L0HLZ3_ACIS0,tr|A8A8P7|A8A8P7_IGNH4
sp|A8A954|RS17E_IGNH4,tr|I0A1E5|I0A1E5_FERFK,tr|L0HKE5|L0HKE5_ACIS0
tr|L0HJP0|L0HJP0_ACIS0,tr|I0A0D8|I0A0D8_FERFK,sp|A8AAN4|IDI2_IGNH4
tr|L0HMS2|L0HMS2_ACIS0,tr|I0A042|I0A042_FERFK,tr|A8AAF0|A8AAF0_IGNH4
tr|A8A9R0|A8A9R0_IGNH4,tr|H9ZZH9|H9ZZH9_FERFK,tr|L0HI83|L0HI83_ACIS0
tr|L0HHZ1|L0HHZ1_ACIS0,tr|I0A1A6|I0A1A6_FERFK,tr|A8A8Q2|A8A8Q2_IGNH4
sp|A8AC24|RFCL_IGNH4,tr|I0A2Z0|I0A2Z0_FERFK,tr|L0HMX7|L0HMX7_ACIS0
tr|A8A8K7|A8A8K7_IGNH4,tr|I0A1T9|I0A1T9_FERFK,tr|L0HNT4|L0HNT4_ACIS0
tr|L0HI14|L0HI14_ACIS0,tr|I0A2E1|I0A2E1_FERFK,tr|A8AAQ8|A8AAQ8_IGNH4
tr|L0HM53|L0HM53_ACIS0,tr|H9ZZX7|H9ZZX7_FERFK,tr|A8A8U0|A8A8U0_IGNH4
tr|L0HM98|L0HM98_ACIS0,tr|I0A028|I0A028_FERFK,tr|A8ACF7|A8ACF7_IGNH4
tr|L0HM69|L0HM69_ACIS0,tr|H9ZZU4|H9ZZU4_FERFK,tr|A8AAW8|A8AAW8_IGNH4
tr|L0HKZ1|L0HKZ1_ACIS0,tr|I0A1G4|I0A1G4_FERFK,tr|A8AA00|A8AA00_IGNH4
tr|L0HKI3|L0HKI3_ACIS0,tr|I0A1M6|I0A1M6_FERFK,sp|A8A906|DCD_IGNH4
tr|A8ABF7|A8ABF7_IGNH4,tr|I0A2G8|I0A2G8_FERFK,tr|L0HLM1|L0HLM1_ACIS0
tr|L0HMF3|L0HMF3_ACIS0,tr|I0A0D2|I0A0D2_FERFK,tr|A8AAF4|A8AAF4_IGNH4
tr|A8A9N3|A8A9N3_IGNH4,tr|I0A1H3|I0A1H3_FERFK,tr|L0HNW8|L0HNW8_ACIS0
tr|L0HL06|L0HL06_ACIS0,tr|H9ZZS4|H9ZZS4_FERFK,sp|A8A9B8|NFI_IGNH4
tr|A8AAA5|A8AAA5_IGNH4,tr|I0A1E9|I0A1E9_FERFK,tr|L0HK29|L0HK29_ACIS0
tr|L0HP59|L0HP59_ACIS0,tr|I0A1D3|I0A1D3_FERFK,tr|A8AAI8|A8AAI8_IGNH4
tr|L0HPS9|L0HPS9_ACIS0,tr|H9ZZJ5|H9ZZJ5_FERFK,tr|A8AAY4|A8AAY4_IGNH4
tr|L0HM51|L0HM51_ACIS0,tr|I0A2T2|I0A2T2_FERFK,tr|A8A9U6|A8A9U6_IGNH4
tr|L0HIG7|L0HIG7_ACIS0,tr|I0A1F1|I0A1F1_FERFK,tr|A8A8H0|A8A8H0_IGNH4
tr|A8A8E4|A8A8E4_IGNH4,tr|I0A2P9|I0A2P9_FERFK,tr|L0HPQ7|L0HPQ7_ACIS0
tr|A8ACB8|A8ACB8_IGNH4,tr|I0A2K1|I0A2K1_FERFK,tr|L0HMX2|L0HMX2_ACIS0
tr|L0HHJ8|L0HHJ8_ACIS0,tr|I0A2D8|I0A2D8_FERFK,tr|A8ACE3|A8ACE3_IGNH4
tr|A8AAS4|A8AAS4_IGNH4,tr|I0A0P4|I0A0P4_FERFK,tr|L0HML6|L0HML6_ACIS0,tr|L0HJM0|L0HJM0_ACIS0,tr|A8AA71|A8AA71_IGNH4
tr|L0HMY6|L0HMY6_ACIS0,tr|I0A0C1|I0A0C1_FERFK,tr|A8AAV3|A8AAV3_IGNH4
tr|L0HNW8|L0HNW8_ACIS0,tr|I0A1H3|I0A1H3_FERFK,tr|A8A9N3|A8A9N3_IGNH4
tr|L0HJ86|L0HJ86_ACIS0,tr|I0A2R1|I0A2R1_FERFK,tr|A8A8P9|A8A8P9_IGNH4
tr|A8AAT2|A8AAT2_IGNH4,tr|I0A277|I0A277_FERFK,tr|L0HNG4|L0HNG4_ACIS0
tr|A8A8K9|A8A8K9_IGNH4,tr|I0A2J7|I0A2J7_FERFK,tr|L0HQ58|L0HQ58_ACIS0
tr|A8ACF9|A8ACF9_IGNH4,tr|I0A1G8|I0A1G8_FERFK,tr|L0HK92|L0HK92_ACIS0
sp|A8ABZ9|RL30_IGNH4,tr|I0A0I2|I0A0I2_FERFK,tr|L0HNQ8|L0HNQ8_ACIS0
tr|A8A8S8|A8A8S8_IGNH4,tr|I0A133|I0A133_FERFK,tr|L0HMY8|L0HMY8_ACIS0
sp|A8A935|PELO_IGNH4,tr|I0A1Y6|I0A1Y6_FERFK,tr|L0HMP3|L0HMP3_ACIS0
tr|A8AB34|A8AB34_IGNH4,tr|I0A1I8|I0A1I8_FERFK,tr|L0HL47|L0HL47_ACIS0
tr|L0HME3|L0HME3_ACIS0,tr|I0A201|I0A201_FERFK,tr|A8ABB6|A8ABB6_IGNH4
tr|L0HQ58|L0HQ58_ACIS0,tr|I0A2J7|I0A2J7_FERFK,tr|A8A8K9|A8A8K9_IGNH4
sp|A8ACD7|RS8_IGNH4,tr|I0A0I8|I0A0I8_FERFK,tr|L0HJR0|L0HJR0_ACIS0
tr|L0HJS9|L0HJS9_ACIS0,tr|I0A2Q6|I0A2Q6_FERFK,tr|A8A9N2|A8A9N2_IGNH4
tr|L0HKS4|L0HKS4_ACIS0,tr|I0A299|I0A299_FERFK,tr|A8AA63|A8AA63_IGNH4
tr|A8A8W8|A8A8W8_IGNH4,tr|I0A0E4|I0A0E4_FERFK,tr|L0HP90|L0HP90_ACIS0
tr|L0HKF3|L0HKF3_ACIS0,tr|I0A0D4|I0A0D4_FERFK,sp|A8A912|RL7A_IGNH4
sp|A8A8L4|DPCKG_IGNH4,tr|I0A0C4|I0A0C4_FERFK,tr|L0HKQ7|L0HKQ7_ACIS0
tr|A8A909|A8A909_IGNH4,tr|H9ZZW2|H9ZZW2_FERFK,tr|L0HJC5|L0HJC5_ACIS0
sp|A8AC98|APGM_IGNH4,tr|I0A2B2|I0A2B2_FERFK,tr|L0HQB2|L0HQB2_ACIS0
tr|A8ABI1|A8ABI1_IGNH4,tr|I0A273|I0A273_FERFK,tr|L0HQG8|L0HQG8_ACIS0
sp|A8AC96|TF2B_IGNH4,tr|I0A1S7|I0A1S7_FERFK,tr|L0HK83|L0HK83_ACIS0,tr|L0HLX5|L0HLX5_ACIS0
sp|A8AA20|RS3_IGNH4,tr|I0A0J7|I0A0J7_FERFK,tr|L0HNP5|L0HNP5_ACIS0
tr|L0HLB9|L0HLB9_ACIS0,tr|I0A1X1|I0A1X1_FERFK,tr|A8AA49|A8AA49_IGNH4
tr|A8ABW9|A8ABW9_IGNH4,tr|I0A2B4|I0A2B4_FERFK,tr|L0HHT7|L0HHT7_ACIS0
tr|A8A8L7|A8A8L7_IGNH4,tr|I0A047|I0A047_FERFK,tr|L0HLT8|L0HLT8_ACIS0
tr|L0HLK8|L0HLK8_ACIS0,tr|I0A007|I0A007_FERFK,tr|A8AAV9|A8AAV9_IGNH4
tr|L0HQ60|L0HQ60_ACIS0,tr|I0A0V2|I0A0V2_FERFK,tr|A8AAP5|A8AAP5_IGNH4
tr|L0HPR8|L0HPR8_ACIS0,tr|I0A301|I0A301_FERFK,tr|A8AC21|A8AC21_IGNH4
tr|L0HML0|L0HML0_ACIS0,tr|I0A0T2|I0A0T2_FERFK,tr|A8A927|A8A927_IGNH4
tr|A8A941|A8A941_IGNH4,tr|H9ZZZ2|H9ZZZ2_FERFK,tr|L0HIQ5|L0HIQ5_ACIS0
tr|A8AAL7|A8AAL7_IGNH4,tr|I0A315|I0A315_FERFK,tr|L0HML4|L0HML4_ACIS0
tr|A8AAR5|A8AAR5_IGNH4,tr|I0A207|I0A207_FERFK,tr|L0HQD0|L0HQD0_ACIS0
tr|L0HLW1|L0HLW1_ACIS0,tr|I0A2J9|I0A2J9_FERFK,tr|A8ACE1|A8ACE1_IGNH4
tr|L0HMJ3|L0HMJ3_ACIS0,tr|I0A2W2|I0A2W2_FERFK,sp|A8A8W1|IXTPA_IGNH4
tr|L0HP28|L0HP28_ACIS0,tr|I0A1R2|I0A1R2_FERFK,sp|A8ABN0|SYM_IGNH4
tr|L0HLB7|L0HLB7_ACIS0,tr|I0A0L7|I0A0L7_FERFK,tr|A8AA83|A8AA83_IGNH4
tr|L0HMW3|L0HMW3_ACIS0,tr|I0A2H6|I0A2H6_FERFK,tr|A8ABT3|A8ABT3_IGNH4
tr|L0HLT3|L0HLT3_ACIS0,tr|I0A135|I0A135_FERFK,tr|A8A958|A8A958_IGNH4
tr|A8A9H6|A8A9H6_IGNH4,tr|H9ZZR4|H9ZZR4_FERFK,tr|L0HM40|L0HM40_ACIS0
tr|L0HN65|L0HN65_ACIS0,tr|H9ZZM8|H9ZZM8_FERFK,tr|A8AAC8|A8AAC8_IGNH4
tr|A8AAK5|A8AAK5_IGNH4,tr|I0A099|I0A099_FERFK,tr|L0HN05|L0HN05_ACIS0
tr|A8A8L0|A8A8L0_IGNH4,tr|H9ZZF0|H9ZZF0_FERFK,tr|L0HMG4|L0HMG4_ACIS0
tr|L0HJG9|L0HJG9_ACIS0,tr|I0A062|I0A062_FERFK,tr|A8AB66|A8AB66_IGNH4
tr|L0HPJ2|L0HPJ2_ACIS0,tr|I0A048|I0A048_FERFK,sp|A8A8L8|SUCC_IGNH4
tr|A8AAY2|A8AAY2_IGNH4,tr|I0A2F2|I0A2F2_FERFK,tr|L0HMN9|L0HMN9_ACIS0
tr|A8AA56|A8AA56_IGNH4,tr|I0A0R6|I0A0R6_FERFK,tr|L0HIX1|L0HIX1_ACIS0,tr|I0A116|I0A116_FERFK
tr|A8AAQ6|A8AAQ6_IGNH4,tr|I0A1H6|I0A1H6_FERFK,tr|L0HMR8|L0HMR8_ACIS0
tr|L0HLZ1|L0HLZ1_ACIS0,tr|I0A2N6|I0A2N6_FERFK,sp|A8AAU0|RS15_IGNH4
tr|L0HIQ5|L0HIQ5_ACIS0,tr|H9ZZZ2|H9ZZZ2_FERFK,tr|A8A941|A8A941_IGNH4
tr|A8ACB5|A8ACB5_IGNH4,tr|I0A163|I0A163_FERFK,tr|L0HNI0|L0HNI0_ACIS0
tr|A8ABR4|A8ABR4_IGNH4,tr|I0A1P3|I0A1P3_FERFK,tr|L0HKV9|L0HKV9_ACIS0,tr|L0HN27|L0HN27_ACIS0
tr|A8AAY7|A8AAY7_IGNH4,tr|I0A0B0|I0A0B0_FERFK,tr|L0HMF9|L0HMF9_ACIS0,tr|L0HLQ1|L0HLQ1_ACIS0
tr|A8A8L6|A8A8L6_IGNH4,tr|I0A0C6|I0A0C6_FERFK,tr|L0HMT1|L0HMT1_ACIS0
tr|A8ABM0|A8ABM0_IGNH4,tr|I0A2Y4|I0A2Y4_FERFK,tr|L0HKH8|L0HKH8_ACIS0
tr|A8A9S6|A8A9S6_IGNH4,tr|H9ZZW7|H9ZZW7_FERFK,tr|L0HPR0|L0HPR0_ACIS0
tr|A8AAU9|A8AAU9_IGNH4,tr|I0A2D7|I0A2D7_FERFK,tr|L0HND9|L0HND9_ACIS0
tr|A8AAA6|A8AAA6_IGNH4,tr|I0A1E8|I0A1E8_FERFK,tr|L0HMR7|L0HMR7_ACIS0
tr|A8ABL2|A8ABL2_IGNH4,tr|H9ZZ97|H9ZZ97_FERFK,tr|L0HNJ0|L0HNJ0_ACIS0
tr|L0HKS3|L0HKS3_ACIS0,tr|I0A126|I0A126_FERFK,tr|A8AAA0|A8AAA0_IGNH4
tr|L0HJE0|L0HJE0_ACIS0,tr|I0A2C2|I0A2C2_FERFK,tr|A8ABG6|A8ABG6_IGNH4
tr|L0HHN3|L0HHN3_ACIS0,tr|I0A093|I0A093_FERFK,tr|A8A8N7|A8A8N7_IGNH4
tr|A8AAE7|A8AAE7_IGNH4,tr|I0A307|I0A307_FERFK,tr|L0HJZ8|L0HJZ8_ACIS0,tr|L0HPT9|L0HPT9_ACIS0,tr|A8AA31|A8AA31_IGNH4
tr|A8A9B5|A8A9B5_IGNH4,tr|I0A0P3|I0A0P3_FERFK,tr|L0HI72|L0HI72_ACIS0
tr|L0HJJ7|L0HJJ7_ACIS0,tr|I0A032|I0A032_FERFK,tr|A8AAN6|A8AAN6_IGNH4
tr|L0HKS6|L0HKS6_ACIS0,tr|I0A271|I0A271_FERFK,tr|A8AAJ5|A8AAJ5_IGNH4
sp|A8AB61|LEU1_IGNH4,tr|I0A0S8|I0A0S8_FERFK,tr|L0HPD5|L0HPD5_ACIS0
tr|A8AC03|A8AC03_IGNH4,tr|I0A0I6|I0A0I6_FERFK,tr|L0HPG2|L0HPG2_ACIS0
tr|L0HNU0|L0HNU0_ACIS0,tr|H9ZZE4|H9ZZE4_FERFK,tr|A8ABP7|A8ABP7_IGNH4
tr|A8AB79|A8AB79_IGNH4,tr|I0A1D1|I0A1D1_FERFK,tr|L0HME1|L0HME1_ACIS0
tr|L0HGN0|L0HGN0_ACIS0,tr|I0A297|I0A297_FERFK,sp|A8ABK3|IF5A_IGNH4
tr|A8A9H4|A8A9H4_IGNH4,tr|I0A185|I0A185_FERFK,tr|L0HM66|L0HM66_ACIS0
tr|A8A9M7|A8A9M7_IGNH4,tr|H9ZZE8|H9ZZE8_FERFK,tr|L0HK78|L0HK78_ACIS0
tr|L0HN17|L0HN17_ACIS0,tr|H9ZZL1|H9ZZL1_FERFK,tr|A8AB22|A8AB22_IGNH4
sp|A8A906|DCD_IGNH4,tr|I0A1M6|I0A1M6_FERFK,tr|L0HKI3|L0HKI3_ACIS0
tr|A8AAS6|A8AAS6_IGNH4,tr|H9ZZI0|H9ZZI0_FERFK,tr|L0HLG8|L0HLG8_ACIS0,tr|A8AAS0|A8AAS0_IGNH4
tr|A8ACD6|A8ACD6_IGNH4,tr|I0A0I9|I0A0I9_FERFK,tr|L0HME4|L0HME4_ACIS0
tr|A8A8Z1|A8A8Z1_IGNH4,tr|I0A2X0|I0A2X0_FERFK,tr|L0HNV2|L0HNV2_ACIS0
tr|A8ABI3|A8ABI3_IGNH4,tr|I0A2G1|I0A2G1_FERFK,tr|L0HKP2|L0HKP2_ACIS0
tr|L0HNP8|L0HNP8_ACIS0,tr|I0A0J2|I0A0J2_FERFK,sp|A8ACD3|RL24_IGNH4
tr|L0HPE7|L0HPE7_ACIS0,tr|I0A0K4|I0A0K4_FERFK,tr|A8AB44|A8AB44_IGNH4
tr|L0HN14|L0HN14_ACIS0,tr|I0A1U1|I0A1U1_FERFK,sp|A8ABD7|SECG_IGNH4
sp|A8ABX6|PURL_IGNH4,tr|I0A0P6|I0A0P6_FERFK,tr|L0HGW4|L0HGW4_ACIS0
tr|A8AAM9|A8AAM9_IGNH4,tr|I0A2I9|I0A2I9_FERFK,tr|L0HJP1|L0HJP1_ACIS0
tr|A8A8W2|A8A8W2_IGNH4,tr|I0A0F0|I0A0F0_FERFK,tr|L0HMY7|L0HMY7_ACIS0
sp|A8ABF5|VATE_IGNH4,tr|I0A1T4|I0A1T4_FERFK,tr|L0HLE3|L0HLE3_ACIS0,tr|I0A239|I0A239_FERFK
tr|A8ABF9|A8ABF9_IGNH4,tr|I0A2N4|I0A2N4_FERFK,tr|L0HHD5|L0HHD5_ACIS0
tr|L0HQF7|L0HQF7_ACIS0,tr|H9ZZW8|H9ZZW8_FERFK,tr|A8AC82|A8AC82_IGNH4
tr|L0HH11|L0HH11_ACIS0,tr|I0A2Q2|I0A2Q2_FERFK,tr|A8ABQ4|A8ABQ4_IGNH4
sp|A8AAJ7|RS8E_IGNH4,tr|I0A2K6|I0A2K6_FERFK,tr|L0HMX6|L0HMX6_ACIS0
sp|A8A9P0|TDXH_IGNH4,tr|I0A1P8|I0A1P8_FERFK,tr|L0HGZ2|L0HGZ2_ACIS0
tr|L0HI72|L0HI72_ACIS0,tr|I0A0P3|I0A0P3_FERFK,tr|A8A9B5|A8A9B5_IGNH4
tr|A8AAU4|A8AAU4_IGNH4,tr|H9ZZG5|H9ZZG5_FERFK,tr|L0HNA2|L0HNA2_ACIS0
tr|A8A9T8|A8A9T8_IGNH4,tr|I0A2F9|I0A2F9_FERFK,tr|L0HJV0|L0HJV0_ACIS0
tr|A8AAC6|A8AAC6_IGNH4,tr|I0A1N1|I0A1N1_FERFK,tr|L0HI51|L0HI51_ACIS0
tr|A8A9U9|A8A9U9_IGNH4,tr|H9ZZH1|H9ZZH1_FERFK,tr|L0HL00|L0HL00_ACIS0
tr|A8A8K1|A8A8K1_IGNH4,tr|H9ZZ47|H9ZZ47_FERFK,tr|L0HP05|L0HP05_ACIS0,tr|L0HNN5|L0HNN5_ACIS0
tr|A8AC54|A8AC54_IGNH4,tr|I0A000|I0A000_FERFK,tr|L0HL52|L0HL52_ACIS0,tr|L0HL63|L0HL63_ACIS0
sp|A8A8H5|PYRI_IGNH4,tr|H9ZZW5|H9ZZW5_FERFK,tr|L0HMP8|L0HMP8_ACIS0
tr|A8A8K2|A8A8K2_IGNH4,tr|I0A2J8|I0A2J8_FERFK,tr|L0HLB4|L0HLB4_ACIS0
tr|L0HMR8|L0HMR8_ACIS0,tr|I0A1H6|I0A1H6_FERFK,tr|A8AAQ6|A8AAQ6_IGNH4
tr|L0HNU7|L0HNU7_ACIS0,tr|H9ZZU1|H9ZZU1_FERFK,tr|A8ABV1|A8ABV1_IGNH4
tr|L0HI00|L0HI00_ACIS0,tr|I0A2W6|I0A2W6_FERFK,sp|A8A953|RS24_IGNH4
tr|A8AAE5|A8AAE5_IGNH4,tr|H9ZZE1|H9ZZE1_FERFK,tr|L0HMP9|L0HMP9_ACIS0
tr|A8AC87|A8AC87_IGNH4,tr|I0A035|I0A035_FERFK,tr|L0HKJ5|L0HKJ5_ACIS0
tr|A8AB66|A8AB66_IGNH4,tr|I0A062|I0A062_FERFK,tr|L0HJG9|L0HJG9_ACIS0
tr|L0HMS0|L0HMS0_ACIS0,tr|I0A1W3|I0A1W3_FERFK,tr|A8AC30|A8AC30_IGNH4
tr|A8A992|A8A992_IGNH4,tr|I0A0P8|I0A0P8_FERFK,tr|L0HNG2|L0HNG2_ACIS0
tr|L0HMH7|L0HMH7_ACIS0,tr|I0A177|I0A177_FERFK,tr|A8A9G9|A8A9G9_IGNH4
tr|A8ABF3|A8ABF3_IGNH4,tr|I0A0N5|I0A0N5_FERFK,tr|L0HLF9|L0HLF9_ACIS0
tr|A8A9V1|A8A9V1_IGNH4,tr|I0A0B1|I0A0B1_FERFK,tr|L0HLL3|L0HLL3_ACIS0
tr|L0HLP9|L0HLP9_ACIS0,tr|I0A216|I0A216_FERFK,sp|A8ABM7|DTDA_IGNH4
tr|L0HNQ3|L0HNQ3_ACIS0,tr|I0A0I7|I0A0I7_FERFK,sp|A8AC04|RL6_IGNH4
tr|L0HLF9|L0HLF9_ACIS0,tr|I0A0N5|I0A0N5_FERFK,tr|A8ABF3|A8ABF3_IGNH4
sp|A8AAQ5|HYPA_IGNH4,tr|H9ZZV6|H9ZZV6_FERFK,tr|L0HPL8|L0HPL8_ACIS0
tr|L0HNY3|L0HNY3_ACIS0,tr|I0A1J0|I0A1J0_FERFK,tr|A8AB56|A8AB56_IGNH4
tr|A8A9E9|A8A9E9_IGNH4,tr|I0A242|I0A242_FERFK,tr|L0HMN8|L0HMN8_ACIS0
tr|A8ABX1|A8ABX1_IGNH4,tr|I0A312|I0A312_FERFK,tr|L0HPT3|L0HPT3_ACIS0
tr|L0HLI2|L0HLI2_ACIS0,tr|H9ZZY7|H9ZZY7_FERFK,sp|A8AB20|DNLI_IGNH4
tr|A8ABQ3|A8ABQ3_IGNH4,tr|I0A2Q1|I0A2Q1_FERFK,tr|L0HJS5|L0HJS5_ACIS0
tr|L0HMW5|L0HMW5_ACIS0,tr|I0A1V8|I0A1V8_FERFK,sp|A8AAG3|PYRH_IGNH4
tr|L0HIS2|L0HIS2_ACIS0,tr|I0A184|I0A184_FERFK,sp|A8AA61|DHYS_IGNH4
tr|L0HKH8|L0HKH8_ACIS0,tr|I0A2Y4|I0A2Y4_FERFK,tr|A8ABM0|A8ABM0_IGNH4
tr|L0HIY4|L0HIY4_ACIS0,tr|I0A1D0|I0A1D0_FERFK,tr|A8A8X1|A8A8X1_IGNH4
tr|A8AB44|A8AB44_IGNH4,tr|I0A0K4|I0A0K4_FERFK,tr|L0HPE7|L0HPE7_ACIS0
tr|L0HKC4|L0HKC4_ACIS0,tr|I0A0D9|I0A0D9_FERFK,tr|A8A9Z6|A8A9Z6_IGNH4
tr|A8ABZ2|A8ABZ2_IGNH4,tr|I0A1F4|I0A1F4_FERFK,tr|L0HKP3|L0HKP3_ACIS0
tr|L0HMT5|L0HMT5_ACIS0,tr|H9ZZI3|H9ZZI3_FERFK,sp|A8AB06|SYR_IGNH4
tr|A8AC30|A8AC30_IGNH4,tr|I0A1W3|I0A1W3_FERFK,tr|L0HMS0|L0HMS0_ACIS0
tr|A8A8X1|A8A8X1_IGNH4,tr|I0A1D0|I0A1D0_FERFK,tr|L0HIY4|L0HIY4_ACIS0
tr|L0HKL7|L0HKL7_ACIS0,tr|I0A0L8|I0A0L8_FERFK,tr|A8A8Y7|A8A8Y7_IGNH4
tr|A8AA50|A8AA50_IGNH4,tr|I0A0G7|I0A0G7_FERFK,tr|L0HH97|L0HH97_ACIS0
tr|L0HK15|L0HK15_ACIS0,tr|I0A2F6|I0A2F6_FERFK,tr|A8AAM2|A8AAM2_IGNH4
tr|A8AC60|A8AC60_IGNH4,tr|H9ZZZ7|H9ZZZ7_FERFK,tr|L0HJU3|L0HJU3_ACIS0,tr|L0HQ33|L0HQ33_ACIS0
tr|A8ABB3|A8ABB3_IGNH4,tr|I0A1G3|I0A1G3_FERFK,tr|L0HL01|L0HL01_ACIS0
sp|A8A9U0|EF1B_IGNH4,tr|I0A043|I0A043_FERFK,tr|L0HGY3|L0HGY3_ACIS0
tr|A8AC71|A8AC71_IGNH4,tr|I0A0L0|I0A0L0_FERFK,tr|L0HN54|L0HN54_ACIS0
tr|L0HNI3|L0HNI3_ACIS0,tr|I0A0E3|I0A0E3_FERFK,tr|A8A8W9|A8A8W9_IGNH4
tr|A8A8H0|A8A8H0_IGNH4,tr|I0A1F1|I0A1F1_FERFK,tr|L0HIG7|L0HIG7_ACIS0
tr|A8A9H7|A8A9H7_IGNH4,tr|I0A193|I0A193_FERFK,tr|L0HPV4|L0HPV4_ACIS0,tr|A8A994|A8A994_IGNH4
tr|A8A8F8|A8A8F8_IGNH4,tr|I0A167|I0A167_FERFK,tr|L0HL29|L0HL29_ACIS0,tr|I0A2D9|I0A2D9_FERFK
tr|L0HPD5|L0HPD5_ACIS0,tr|I0A0S8|I0A0S8_FERFK,sp|A8AB61|LEU1_IGNH4
tr|A8ABG9|A8ABG9_IGNH4,tr|H9ZZX6|H9ZZX6_FERFK,tr|L0HLQ6|L0HLQ6_ACIS0
tr|A8AAT8|A8AAT8_IGNH4,tr|I0A132|I0A132_FERFK,tr|L0HNE8|L0HNE8_ACIS0,tr|L0HMQ5|L0HMQ5_ACIS0
tr|A8ABY2|A8ABY2_IGNH4,tr|I0A2I6|I0A2I6_FERFK,tr|L0HNL6|L0HNL6_ACIS0
tr|A8AAD4|A8AAD4_IGNH4,tr|H9ZZS9|H9ZZS9_FERFK,tr|L0HH39|L0HH39_ACIS0
tr|L0HM67|L0HM67_ACIS0,tr|H9ZZ91|H9ZZ91_FERFK,tr|A8A9N9|A8A9N9_IGNH4
tr|A8AA10|A8AA10_IGNH4,tr|I0A2D5|I0A2D5_FERFK,tr|L0HPB3|L0HPB3_ACIS0
tr|A8A9X6|A8A9X6_IGNH4,tr|I0A2Y8|I0A2Y8_FERFK,tr|L0HMJ1|L0HMJ1_ACIS0,tr|I0A2S1|I0A2S1_FERFK
tr|A8A9L9|A8A9L9_IGNH4,tr|I0A1L1|I0A1L1_FERFK,tr|L0HKX2|L0HKX2_ACIS0
tr|A8A8Q7|A8A8Q7_IGNH4,tr|H9ZZS2|H9ZZS2_FERFK,tr|L0HMC0|L0HMC0_ACIS0,tr|I0A0N2|I0A0N2_FERFK
tr|A8AAP3|A8AAP3_IGNH4,tr|I0A2X5|I0A2X5_FERFK,tr|L0HPM2|L0HPM2_ACIS0
tr|A8AA63|A8AA63_IGNH4,tr|I0A299|I0A299_FERFK,tr|L0HKS4|L0HKS4_ACIS0
tr|A8ABK2|A8ABK2_IGNH4,tr|I0A2B8|I0A2B8_FERFK,tr|L0HLC3|L0HLC3_ACIS0
tr|A8A9S5|A8A9S5_IGNH4,tr|I0A2G9|I0A2G9_FERFK,tr|L0HKE7|L0HKE7_ACIS0
tr|A8ABZ8|A8ABZ8_IGNH4,tr|I0A0I1|I0A0I1_FERFK,tr|L0HPG7|L0HPG7_ACIS0
sp|A8AB06|SYR_IGNH4,tr|H9ZZI3|H9ZZI3_FERFK,tr|L0HMT5|L0HMT5_ACIS0
tr|L0HPK9|L0HPK9_ACIS0,tr|I0A206|I0A206_FERFK,tr|A8A8J9|A8A8J9_IGNH4
tr|L0HM28|L0HM28_ACIS0,tr|I0A2W5|I0A2W5_FERFK,sp|A8A952|RS27A_IGNH4
tr|L0HL01|L0HL01_ACIS0,tr|I0A1G3|I0A1G3_FERFK,tr|A8ABB3|A8ABB3_IGNH4
tr|L0HJL1|L0HJL1_ACIS0,tr|I0A2I7|I0A2I7_FERFK,tr|A8ABY1|A8ABY1_IGNH4
tr|L0HHT7|L0HHT7_ACIS0,tr|I0A2B4|I0A2B4_FERFK,tr|A8ABW9|A8ABW9_IGNH4
tr|L0HHT1|L0HHT1_ACIS0,tr|I0A0B6|I0A0B6_FERFK,sp|A8AAU3|RS3A_IGNH4
sp|A8AAR8|RL40_IGNH4,tr|I0A2T0|I0A2T0_FERFK,tr|L0HMV0|L0HMV0_ACIS0
tr|A8A975|A8A975_IGNH4,tr|I0A282|I0A282_FERFK,tr|L0HMJ6|L0HMJ6_ACIS0
tr|L0HLB4|L0HLB4_ACIS0,tr|I0A2J8|I0A2J8_FERFK,tr|A8A8K2|A8A8K2_IGNH4
tr|L0HPM2|L0HPM2_ACIS0,tr|I0A2X5|I0A2X5_FERFK,tr|A8AAP3|A8AAP3_IGNH4
tr|A8ABD5|A8ABD5_IGNH4,tr|I0A292|I0A292_FERFK,tr|L0HMD5|L0HMD5_ACIS0
tr|A8AAY9|A8AAY9_IGNH4,tr|I0A2G0|I0A2G0_FERFK,tr|L0HM36|L0HM36_ACIS0
tr|L0HJV8|L0HJV8_ACIS0,tr|I0A1H2|I0A1H2_FERFK,tr|A8A998|A8A998_IGNH4
tr|L0HLB1|L0HLB1_ACIS0,tr|I0A209|I0A209_FERFK,sp|A8AB67|SYS_IGNH4
tr|A8A9H2|A8A9H2_IGNH4,tr|I0A0Q6|I0A0Q6_FERFK,tr|L0HL05|L0HL05_ACIS0,tr|L0HHU2|L0HHU2_ACIS0
tr|A8ABG0|A8ABG0_IGNH4,tr|I0A2N5|I0A2N5_FERFK,tr|L0HMQ7|L0HMQ7_ACIS0
tr|A8ABJ0|A8ABJ0_IGNH4,tr|H9ZZI4|H9ZZI4_FERFK,tr|L0HP74|L0HP74_ACIS0
tr|L0HNM6|L0HNM6_ACIS0,tr|I0A1X0|I0A1X0_FERFK,sp|A8ABB4|RNZ_IGNH4
sp|A8AC01|RL18_IGNH4,tr|I0A0I4|I0A0I4_FERFK,tr|L0HME9|L0HME9_ACIS0
tr|A8ACA9|A8ACA9_IGNH4,tr|I0A1C6|I0A1C6_FERFK,tr|L0HJT3|L0HJT3_ACIS0
sp|A8AAK8|RL21_IGNH4,tr|I0A289|I0A289_FERFK,tr|L0HK98|L0HK98_ACIS0
tr|L0HI67|L0HI67_ACIS0,tr|I0A1F9|I0A1F9_FERFK,sp|A8ABJ8|TRM56_IGNH4
tr|A8AAR6|A8AAR6_IGNH4,tr|I0A1B5|I0A1B5_FERFK,tr|L0HND5|L0HND5_ACIS0
tr|A8AAL2|A8AAL2_IGNH4,tr|I0A1F0|I0A1F0_FERFK,tr|L0HP14|L0HP14_ACIS0
tr|L0HKP2|L0HKP2_ACIS0,tr|I0A2G1|I0A2G1_FERFK,tr|A8ABI3|A8ABI3_IGNH4
tr|A8AA52|A8AA52_IGNH4,tr|I0A1P9|I0A1P9_FERFK,tr|L0HNR4|L0HNR4_ACIS0
tr|L0HN91|L0HN91_ACIS0,tr|I0A0T3|I0A0T3_FERFK,tr|A8A926|A8A926_IGNH4
tr|L0HMH3|L0HMH3_ACIS0,tr|I0A1L6|I0A1L6_FERFK,tr|A8AAX1|A8AAX1_IGNH4
tr|A8A9D2|A8A9D2_IGNH4,tr|I0A096|I0A096_FERFK,tr|L0HKM4|L0HKM4_ACIS0,tr|H9ZZF2|H9ZZF2_FERFK
tr|A8ABD2|A8ABD2_IGNH4,tr|I0A2B3|I0A2B3_FERFK,tr|L0HMM6|L0HMM6_ACIS0
tr|A8A9R3|A8A9R3_IGNH4,tr|I0A1X7|I0A1X7_FERFK,tr|L0HLP0|L0HLP0_ACIS0
tr|A8AAJ3|A8AAJ3_IGNH4,tr|I0A269|I0A269_FERFK,tr|L0HMP6|L0HMP6_ACIS0
tr|A8A8E6|A8A8E6_IGNH4,tr|I0A063|I0A063_FERFK,tr|L0HMC4|L0HMC4_ACIS0
tr|L0HLC8|L0HLC8_ACIS0,tr|I0A1F5|I0A1F5_FERFK,tr|A8ABC3|A8ABC3_IGNH4
tr|A8A9F7|A8A9F7_IGNH4,tr|I0A002|I0A002_FERFK,tr|L0HMQ4|L0HMQ4_ACIS0
tr|A8ABZ7|A8ABZ7_IGNH4,tr|I0A0G9|I0A0G9_FERFK,tr|L0HM77|L0HM77_ACIS0
tr|L0HGW4|L0HGW4_ACIS0,tr|I0A0P6|I0A0P6_FERFK,sp|A8ABX6|PURL_IGNH4
tr|L0HQJ5|L0HQJ5_ACIS0,tr|H9ZZA4|H9ZZA4_FERFK,tr|A8ABK8|A8ABK8_IGNH4
tr|A8AAP5|A8AAP5_IGNH4,tr|I0A0V2|I0A0V2_FERFK,tr|L0HQ60|L0HQ60_ACIS0
tr|L0HME6|L0HME6_ACIS0,tr|I0A183|I0A183_FERFK,tr|A8ABG5|A8ABG5_IGNH4
tr|A8A8N5|A8A8N5_IGNH4,tr|I0A272|I0A272_FERFK,tr|L0HPP8|L0HPP8_ACIS0
tr|L0HN90|L0HN90_ACIS0,tr|I0A1U6|I0A1U6_FERFK,sp|A8AB58|PSB2_IGNH4
tr|L0HLX7|L0HLX7_ACIS0,tr|H9ZZG0|H9ZZG0_FERFK,tr|A8AA91|A8AA91_IGNH4
tr|A8AB85|A8AB85_IGNH4,tr|I0A2A6|I0A2A6_FERFK,tr|L0HGR9|L0HGR9_ACIS0,tr|L0HLQ4|L0HLQ4_ACIS0
tr|A8A976|A8A976_IGNH4,tr|I0A014|I0A014_FERFK,tr|L0HMD8|L0HMD8_ACIS0
tr|L0HM24|L0HM24_ACIS0,tr|H9ZZF9|H9ZZF9_FERFK,tr|A8A9W6|A8A9W6_IGNH4
sp|A8A9E3|SYP_IGNH4,tr|I0A1R8|I0A1R8_FERFK,tr|L0HHM0|L0HHM0_ACIS0
tr|L0HMR5|L0HMR5_ACIS0,tr|I0A122|I0A122_FERFK,tr|A8AB54|A8AB54_IGNH4
tr|L0HQI2|L0HQI2_ACIS0,tr|H9ZZT4|H9ZZT4_FERFK,tr|A8ABT5|A8ABT5_IGNH4
tr|A8A9C3|A8A9C3_IGNH4,tr|I0A295|I0A295_FERFK,tr|L0HJT2|L0HJT2_ACIS0
tr|A8A8T3|A8A8T3_IGNH4,tr|I0A1X4|I0A1X4_FERFK,tr|L0HJK4|L0HJK4_ACIS0
tr|A8A9J5|A8A9J5_IGNH4,tr|I0A1F2|I0A1F2_FERFK,tr|L0HQG5|L0HQG5_ACIS0
tr|L0HM57|L0HM57_ACIS0,tr|I0A082|I0A082_FERFK,tr|A8ACG1|A8ACG1_IGNH4
tr|L0HN18|L0HN18_ACIS0,tr|H9ZZN7|H9ZZN7_FERFK,sp|A8AAV7|PIMT_IGNH4
tr|A8A913|A8A913_IGNH4,tr|I0A147|I0A147_FERFK,tr|L0HKQ2|L0HKQ2_ACIS0,tr|A8AB59|A8AB59_IGNH4
tr|A8ABR7|A8ABR7_IGNH4,tr|I0A169|I0A169_FERFK,tr|L0HML8|L0HML8_ACIS0
tr|L0HNM3|L0HNM3_ACIS0,tr|I0A2G5|I0A2G5_FERFK,sp|A8A8J3|DNAG_IGNH4
tr|L0HJT5|L0HJT5_ACIS0,tr|I0A0A4|I0A0A4_FERFK,tr|A8AC93|A8AC93_IGNH4
tr|L0HNM7|L0HNM7_ACIS0,tr|I0A2A9|I0A2A9_FERFK,tr|A8A922|A8A922_IGNH4
tr|A8ACD1|A8ACD1_IGNH4,tr|I0A0J4|I0A0J4_FERFK,tr|L0HMD9|L0HMD9_ACIS0
tr|A8A934|A8A934_IGNH4,tr|I0A1X2|I0A1X2_FERFK,tr|L0HLR2|L0HLR2_ACIS0
tr|A8A989|A8A989_IGNH4,tr|I0A1D9|I0A1D9_FERFK,tr|L0HK68|L0HK68_ACIS0
tr|A8AB25|A8AB25_IGNH4,tr|I0A191|I0A191_FERFK,tr|L0HMT7|L0HMT7_ACIS0
tr|A8A8N0|A8A8N0_IGNH4,tr|I0A0W3|I0A0W3_FERFK,tr|L0HMZ9|L0HMZ9_ACIS0
sp|A8AAU3|RS3A_IGNH4,tr|I0A0B6|I0A0B6_FERFK,tr|L0HHT1|L0HHT1_ACIS0
sp|A8ABN0|SYM_IGNH4,tr|I0A1R2|I0A1R2_FERFK,tr|L0HP28|L0HP28_ACIS0
tr|L0HNP5|L0HNP5_ACIS0,tr|I0A0J7|I0A0J7_FERFK,sp|A8AA20|RS3_IGNH4
tr|L0HNX1|L0HNX1_ACIS0,tr|I0A1N8|I0A1N8_FERFK,sp|A8ACB1|OTC_IGNH4
tr|L0HN15|L0HN15_ACIS0,tr|I0A1T3|I0A1T3_FERFK,sp|A8AC29|VATA_IGNH4
tr|A8A9J4|A8A9J4_IGNH4,tr|I0A1Z6|I0A1Z6_FERFK,tr|L0HJW6|L0HJW6_ACIS0
tr|L0HN05|L0HN05_ACIS0,tr|I0A099|I0A099_FERFK,tr|A8AAK5|A8AAK5_IGNH4
sp|A8A953|RS24_IGNH4,tr|I0A2W6|I0A2W6_FERFK,tr|L0HI00|L0HI00_ACIS0
tr|L0HMQ4|L0HMQ4_ACIS0,tr|I0A002|I0A002_FERFK,tr|A8A9F7|A8A9F7_IGNH4
tr|A8AC22|A8AC22_IGNH4,tr|I0A302|I0A302_FERFK,tr|L0HGP8|L0HGP8_ACIS0
tr|A8A9X5|A8A9X5_IGNH4,tr|I0A2R8|I0A2R8_FERFK,tr|L0HN88|L0HN88_ACIS0
tr|L0HLZ9|L0HLZ9_ACIS0,tr|I0A202|I0A202_FERFK,tr|A8AA87|A8AA87_IGNH4
tr|L0HKK9|L0HKK9_ACIS0,tr|I0A0T4|I0A0T4_FERFK,tr|A8A925|A8A925_IGNH4
tr|A8ABX0|A8ABX0_IGNH4,tr|H9ZZK4|H9ZZK4_FERFK,tr|L0HQP2|L0HQP2_ACIS0
tr|A8A9C7|A8A9C7_IGNH4,tr|I0A0N7|I0A0N7_FERFK,tr|L0HN79|L0HN79_ACIS0
tr|A8AB43|A8AB43_IGNH4,tr|I0A0K5|I0A0K5_FERFK,tr|L0HNP0|L0HNP0_ACIS0
tr|L0HIU9|L0HIU9_ACIS0,tr|I0A264|I0A264_FERFK,tr|A8AA34|A8AA34_IGNH4
tr|A8AA36|A8AA36_IGNH4,tr|H9ZZY5|H9ZZY5_FERFK,tr|L0HJK1|L0HJK1_ACIS0
tr|A8A9Z8|A8A9Z8_IGNH4,tr|I0A1A2|I0A1A2_FERFK,tr|L0HHL5|L0HHL5_ACIS0
tr|L0HKH6|L0HKH6_ACIS0,tr|I0A1W9|I0A1W9_FERFK,tr|A8ABG7|A8ABG7_IGNH4
tr|L0HI83|L0HI83_ACIS0,tr|H9ZZH9|H9ZZH9_FERFK,tr|A8A9R0|A8A9R0_IGNH4
sp|A8A929|RS12_IGNH4,tr|I0A0T0|I0A0T0_FERFK,tr|L0HP51|L0HP51_ACIS0
tr|A8AC68|A8AC68_IGNH4,tr|I0A1S6|I0A1S6_FERFK,tr|L0HM08|L0HM08_ACIS0
tr|A8ABF2|A8ABF2_IGNH4,tr|I0A0N4|I0A0N4_FERFK,tr|L0HP60|L0HP60_ACIS0
tr|A8AB22|A8AB22_IGNH4,tr|H9ZZL1|H9ZZL1_FERFK,tr|L0HN17|L0HN17_ACIS0
tr|L0HK92|L0HK92_ACIS0,tr|I0A1G8|I0A1G8_FERFK,tr|A8ACF9|A8ACF9_IGNH4
tr|A8ACB2|A8ACB2_IGNH4,tr|I0A070|I0A070_FERFK,tr|L0HK02|L0HK02_ACIS0
tr|A8ABG5|A8ABG5_IGNH4,tr|I0A183|I0A183_FERFK,tr|L0HME6|L0HME6_ACIS0
tr|L0HL47|L0HL47_ACIS0,tr|I0A1I8|I0A1I8_FERFK,tr|A8AB34|A8AB34_IGNH4
tr|A8AAL9|A8AAL9_IGNH4,tr|I0A141|I0A141_FERFK,tr|L0HKK0|L0HKK0_ACIS0
tr|A8A9X2|A8A9X2_IGNH4,tr|I0A2Y2|I0A2Y2_FERFK,tr|L0HN92|L0HN92_ACIS0
tr|A8A9A0|A8A9A0_IGNH4,tr|H9ZZN9|H9ZZN9_FERFK,tr|L0HLA0|L0HLA0_ACIS0
tr|L0HHP7|L0HHP7_ACIS0,tr|H9ZZX5|H9ZZX5_FERFK,tr|A8ACD9|A8ACD9_IGNH4
tr|L0HLP4|L0HLP4_ACIS0,tr|I0A0K3|I0A0K3_FERFK,sp|A8AC70|RL2_IGNH4
tr|L0HJR0|L0HJR0_ACIS0,tr|I0A0I8|I0A0I8_FERFK,sp|A8ACD7|RS8_IGNH4
tr|A8AA02|A8AA02_IGNH4,tr|I0A1Z5|I0A1Z5_FERFK,tr|L0HNV4|L0HNV4_ACIS0
tr|L0HJ37|L0HJ37_ACIS0,tr|I0A2W8|I0A2W8_FERFK,tr|A8A8Z3|A8A8Z3_IGNH4
tr|A8AC25|A8AC25_IGNH4,tr|I0A1M8|I0A1M8_FERFK,tr|L0HMB5|L0HMB5_ACIS0
tr|A8ABY3|A8ABY3_IGNH4,tr|I0A2I5|I0A2I5_FERFK,tr|L0HPC1|L0HPC1_ACIS0,tr|L0HMV7|L0HMV7_ACIS0,tr|I0A009|I0A009_FERFK
tr|A8AAC5|A8AAC5_IGNH4,tr|I0A251|I0A251_FERFK,tr|L0HLV7|L0HLV7_ACIS0
tr|A8A987|A8A987_IGNH4,tr|I0A2Z8|I0A2Z8_FERFK,tr|L0HK20|L0HK20_ACIS0
tr|A8A9M1|A8A9M1_IGNH4,tr|H9ZZZ1|H9ZZZ1_FERFK,tr|L0HK42|L0HK42_ACIS0,tr|I0A0L3|I0A0L3_FERFK
sp|A8A8T2|SYL_IGNH4,tr|I0A2L3|I0A2L3_FERFK,tr|L0HLI7|L0HLI7_ACIS0
tr|A8A922|A8A922_IGNH4,tr|I0A2A9|I0A2A9_FERFK,tr|L0HNM7|L0HNM7_ACIS0
tr|A8A8W9|A8A8W9_IGNH4,tr|I0A0E3|I0A0E3_FERFK,tr|L0HNI3|L0HNI3_ACIS0
tr|A8AAX0|A8AAX0_IGNH4,tr|H9ZZ62|H9ZZ62_FERFK,tr|L0HM97|L0HM97_ACIS0,tr|I0A0B3|I0A0B3_FERFK
tr|L0HKL8|L0HKL8_ACIS0,tr|I0A0P1|I0A0P1_FERFK,tr|A8A8U7|A8A8U7_IGNH4
tr|L0HMI9|L0HMI9_ACIS0,tr|I0A2M4|I0A2M4_FERFK,tr|A8A9X8|A8A9X8_IGNH4
tr|L0HMU5|L0HMU5_ACIS0,tr|H9ZZN0|H9ZZN0_FERFK,tr|A8ABA9|A8ABA9_IGNH4
tr|A8ACA0|A8ACA0_IGNH4,tr|H9ZZY4|H9ZZY4_FERFK,tr|L0HND3|L0HND3_ACIS0
tr|A8AB54|A8AB54_IGNH4,tr|I0A122|I0A122_FERFK,tr|L0HMR5|L0HMR5_ACIS0
tr|L0HNA2|L0HNA2_ACIS0,tr|H9ZZG5|H9ZZG5_FERFK,tr|A8AAU4|A8AAU4_IGNH4
tr|L0HJP2|L0HJP2_ACIS0,tr|I0A0K6|I0A0K6_FERFK,tr|A8AB42|A8AB42_IGNH4
tr|L0HM29|L0HM29_ACIS0,tr|I0A0S6|I0A0S6_FERFK,sp|A8ABM5|EF1A_IGNH4
tr|A8ACF7|A8ACF7_IGNH4,tr|I0A028|I0A028_FERFK,tr|L0HM98|L0HM98_ACIS0
tr|A8A8V5|A8A8V5_IGNH4,tr|I0A119|I0A119_FERFK,tr|L0HK26|L0HK26_ACIS0
tr|L0HNV2|L0HNV2_ACIS0,tr|I0A2X0|I0A2X0_FERFK,tr|A8A8Z1|A8A8Z1_IGNH4
tr|L0HLI8|L0HLI8_ACIS0,tr|I0A293|I0A293_FERFK,tr|A8A8U2|A8A8U2_IGNH4
sp|A8ABM7|DTDA_IGNH4,tr|I0A216|I0A216_FERFK,tr|L0HLP9|L0HLP9_ACIS0
tr|L0HPU4|L0HPU4_ACIS0,tr|I0A304|I0A304_FERFK,tr|A8A9Y3|A8A9Y3_IGNH4
tr|A8AA82|A8AA82_IGNH4,tr|I0A0T6|I0A0T6_FERFK,tr|L0HQA4|L0HQA4_ACIS0
tr|L0HJZ7|L0HJZ7_ACIS0,tr|I0A1I9|I0A1I9_FERFK,sp|A8AB57|RL37_IGNH4
tr|L0HNL1|L0HNL1_ACIS0,tr|I0A013|I0A013_FERFK,tr|A8ABP1|A8ABP1_IGNH4
tr|L0HM19|L0HM19_ACIS0,tr|I0A2T8|I0A2T8_FERFK,tr|A8AAV2|A8AAV2_IGNH4
tr|L0HJQ0|L0HJQ0_ACIS0,tr|I0A0J8|I0A0J8_FERFK,sp|A8AA19|RL22_IGNH4
tr|L0HII2|L0HII2_ACIS0,tr|I0A2Y0|I0A2Y0_FERFK,tr|A8A9X3|A8A9X3_IGNH4
tr|L0HJ05|L0HJ05_ACIS0,tr|I0A144|I0A144_FERFK,tr|A8AC72|A8AC72_IGNH4
tr|A8AAW5|A8AAW5_IGNH4,tr|I0A085|I0A085_FERFK,tr|L0HMZ8|L0HMZ8_ACIS0
tr|L0HMP3|L0HMP3_ACIS0,tr|I0A1Y6|I0A1Y6_FERFK,sp|A8A935|PELO_IGNH4
tr|A8A8V1|A8A8V1_IGNH4,tr|I0A2L4|I0A2L4_FERFK,tr|L0HGY8|L0HGY8_ACIS0
tr|L0HKW1|L0HKW1_ACIS0,tr|I0A2C4|I0A2C4_FERFK,tr|A8AAJ6|A8AAJ6_IGNH4
tr|A8A927|A8A927_IGNH4,tr|I0A0T2|I0A0T2_FERFK,tr|L0HML0|L0HML0_ACIS0
sp|A8AAI6|KCY_IGNH4,tr|I0A0H7|I0A0H7_FERFK,tr|L0HNR2|L0HNR2_ACIS0
tr|A8A9A4|A8A9A4_IGNH4,tr|I0A0C8|I0A0C8_FERFK,tr|L0HJI7|L0HJI7_ACIS0
tr|L0HMU4|L0HMU4_ACIS0,tr|H9ZZF8|H9ZZF8_FERFK,tr|A8A8E9|A8A8E9_IGNH4
tr|L0HMD9|L0HMD9_ACIS0,tr|I0A0J4|I0A0J4_FERFK,tr|A8ACD1|A8ACD1_IGNH4
tr|L0HN22|L0HN22_ACIS0,tr|I0A086|I0A086_FERFK,tr|A8A951|A8A951_IGNH4
tr|A8AAW8|A8AAW8_IGNH4,tr|H9ZZU4|H9ZZU4_FERFK,tr|L0HM69|L0HM69_ACIS0
tr|A8A9B2|A8A9B2_IGNH4,tr|I0A059|I0A059_FERFK,tr|L0HK86|L0HK86_ACIS0
tr|L0HMA1|L0HMA1_ACIS0,tr|I0A142|I0A142_FERFK,tr|A8A8P1|A8A8P1_IGNH4
tr|A8AA21|A8AA21_IGNH4,tr|I0A0J6|I0A0J6_FERFK,tr|L0HPF3|L0HPF3_ACIS0
tr|A8AAM5|A8AAM5_IGNH4,tr|I0A2X3|I0A2X3_FERFK,tr|L0HQE5|L0HQE5_ACIS0
tr|A8AA17|A8AA17_IGNH4,tr|I0A1F6|I0A1F6_FERFK,tr|L0HMM8|L0HMM8_ACIS0
tr|L0HKQ5|L0HKQ5_ACIS0,tr|H9ZZN5|H9ZZN5_FERFK,tr|A8AC95|A8AC95_IGNH4
tr|L0HMY7|L0HMY7_ACIS0,tr|I0A0F0|I0A0F0_FERFK,tr|A8A8W2|A8A8W2_IGNH4
tr|A8ABC3|A8ABC3_IGNH4,tr|I0A1F5|I0A1F5_FERFK,tr|L0HLC8|L0HLC8_ACIS0
tr|A8A9A8|A8A9A8_IGNH4,tr|H9ZZB5|H9ZZB5_FERFK,tr|L0HQ67|L0HQ67_ACIS0
tr|L0HLS8|L0HLS8_ACIS0,tr|I0A198|I0A198_FERFK,tr|A8A8P8|A8A8P8_IGNH4
tr|A8AB21|A8AB21_IGNH4,tr|I0A0P9|I0A0P9_FERFK,tr|L0HHK7|L0HHK7_ACIS0
tr|A8ABQ4|A8ABQ4_IGNH4,tr|I0A2Q2|I0A2Q2_FERFK,tr|L0HH11|L0HH11_ACIS0
tr|A8ABG7|A8ABG7_IGNH4,tr|I0A1W9|I0A1W9_FERFK,tr|L0HKH6|L0HKH6_ACIS0
tr|L0HQN4|L0HQN4_ACIS0,tr|I0A0E9|I0A0E9_FERFK,sp|A8A8W3|RS4_IGNH4
tr|A8A8J7|A8A8J7_IGNH4,tr|I0A0S5|I0A0S5_FERFK,tr|L0HLE5|L0HLE5_ACIS0
tr|L0HK68|L0HK68_ACIS0,tr|I0A1D9|I0A1D9_FERFK,tr|A8A989|A8A989_IGNH4
tr|L0HMW2|L0HMW2_ACIS0,tr|I0A2K2|I0A2K2_FERFK,sp|A8ABE2|NTPTH_IGNH4
tr|L0HPC3|L0HPC3_ACIS0,tr|I0A275|I0A275_FERFK,tr|A8AAT5|A8AAT5_IGNH4
tr|L0HLE8|L0HLE8_ACIS0,tr|I0A190|I0A190_FERFK,sp|A8AB26|NADM_IGNH4
tr|A8ABY6|A8ABY6_IGNH4,tr|H9ZZJ4|H9ZZJ4_FERFK,tr|L0HNH6|L0HNH6_ACIS0
tr|A8AC34|A8AC34_IGNH4,tr|I0A1S0|I0A1S0_FERFK,tr|L0HL75|L0HL75_ACIS0
sp|A8AAC1|FEN_IGNH4,tr|I0A046|I0A046_FERFK,tr|L0HMZ0|L0HMZ0_ACIS0
tr|A8AC72|A8AC72_IGNH4,tr|I0A144|I0A144_FERFK,tr|L0HJ05|L0HJ05_ACIS0
tr|L0HMF5|L0HMF5_ACIS0,tr|I0A0H9|I0A0H9_FERFK,tr|A8ABS2|A8ABS2_IGNH4
tr|L0HLR0|L0HLR0_ACIS0,tr|I0A0I5|I0A0I5_FERFK,tr|A8AC02|A8AC02_IGNH4
tr|L0HMM7|L0HMM7_ACIS0,tr|I0A240|I0A240_FERFK,tr|A8ABD8|A8ABD8_IGNH4
tr|L0HLI7|L0HLI7_ACIS0,tr|I0A2L3|I0A2L3_FERFK,sp|A8A8T2|SYL_IGNH4
tr|A8AAV3|A8AAV3_IGNH4,tr|I0A0C1|I0A0C1_FERFK,tr|L0HMY6|L0HMY6_ACIS0
tr|A8AAF3|A8AAF3_IGNH4,tr|I0A0D3|I0A0D3_FERFK,tr|L0HN39|L0HN39_ACIS0
tr|A8A9U5|A8A9U5_IGNH4,tr|H9ZZD3|H9ZZD3_FERFK,tr|L0HKM2|L0HKM2_ACIS0
tr|A8AA16|A8AA16_IGNH4,tr|I0A2K5|I0A2K5_FERFK,tr|L0HKE1|L0HKE1_ACIS0
tr|L0HKQ7|L0HKQ7_ACIS0,tr|I0A0C4|I0A0C4_FERFK,sp|A8A8L4|DPCKG_IGNH4
tr|L0HMD5|L0HMD5_ACIS0,tr|I0A292|I0A292_FERFK,tr|A8ABD5|A8ABD5_IGNH4
tr|A8ABQ0|A8ABQ0_IGNH4,tr|I0A2P3|I0A2P3_FERFK,tr|L0HN19|L0HN19_ACIS0
tr|A8A8Q2|A8A8Q2_IGNH4,tr|I0A1A6|I0A1A6_FERFK,tr|L0HHZ1|L0HHZ1_ACIS0
tr|A8A9X3|A8A9X3_IGNH4,tr|I0A2Y0|I0A2Y0_FERFK,tr|L0HII2|L0HII2_ACIS0
tr|A8A8U0|A8A8U0_IGNH4,tr|H9ZZX7|H9ZZX7_FERFK,tr|L0HM53|L0HM53_ACIS0
tr|L0HJC5|L0HJC5_ACIS0,tr|H9ZZW2|H9ZZW2_FERFK,tr|A8A909|A8A909_IGNH4
tr|A8AAI8|A8AAI8_IGNH4,tr|I0A1D3|I0A1D3_FERFK,tr|L0HP59|L0HP59_ACIS0
tr|L0HMF8|L0HMF8_ACIS0,tr|I0A037|I0A037_FERFK,tr|A8ABI0|A8ABI0_IGNH4
tr|L0HMG8|L0HMG8_ACIS0,tr|H9ZZK3|H9ZZK3_FERFK,tr|A8A974|A8A974_IGNH4
tr|L0HKC8|L0HKC8_ACIS0,tr|I0A1T2|I0A1T2_FERFK,sp|A8AAA9|VATB_IGNH4
tr|L0HL25|L0HL25_ACIS0,tr|I0A1S8|I0A1S8_FERFK,sp|A8AC05|SUI1_IGNH4
tr|L0HLN8|L0HLN8_ACIS0,tr|I0A0S3|I0A0S3_FERFK,tr|A8ABN4|A8ABN4_IGNH4
sp|A8A990|TIAS_IGNH4,tr|I0A1D8|I0A1D8_FERFK,tr|L0HGU8|L0HGU8_ACIS0
tr|A8AAN5|A8AAN5_IGNH4,tr|H9ZZ79|H9ZZ79_FERFK,tr|L0HN69|L0HN69_ACIS0
tr|L0HN29|L0HN29_ACIS0,tr|I0A101|I0A101_FERFK,tr|A8ABC6|A8ABC6_IGNH4
tr|L0HN38|L0HN38_ACIS0,tr|I0A222|I0A222_FERFK,tr|A8AAG9|A8AAG9_IGNH4
tr|A8A8H3|A8A8H3_IGNH4,tr|H9ZZF1|H9ZZF1_FERFK,tr|L0HMZ7|L0HMZ7_ACIS0
tr|A8AAS3|A8AAS3_IGNH4,tr|I0A0N9|I0A0N9_FERFK,tr|L0HIC3|L0HIC3_ACIS0
tr|L0HMX0|L0HMX0_ACIS0,tr|H9ZZ90|H9ZZ90_FERFK,tr|A8A8G8|A8A8G8_IGNH4
tr|A8ABI0|A8ABI0_IGNH4,tr|I0A037|I0A037_FERFK,tr|L0HMF8|L0HMF8_ACIS0
tr|A8A8U7|A8A8U7_IGNH4,tr|I0A0P1|I0A0P1_FERFK,tr|L0HKL8|L0HKL8_ACIS0
tr|L0HKG6|L0HKG6_ACIS0,tr|I0A087|I0A087_FERFK,tr|A8AB41|A8AB41_IGNH4
tr|A8A8J9|A8A8J9_IGNH4,tr|I0A206|I0A206_FERFK,tr|L0HPK9|L0HPK9_ACIS0
tr|L0HNH4|L0HNH4_ACIS0,tr|I0A075|I0A075_FERFK,tr|A8A9Z0|A8A9Z0_IGNH4
tr|L0HPH7|L0HPH7_ACIS0,tr|I0A0G6|I0A0G6_FERFK,tr|A8AAZ3|A8AAZ3_IGNH4
tr|A8AAK9|A8AAK9_IGNH4,tr|I0A068|I0A068_FERFK,tr|L0HKF4|L0HKF4_ACIS0
tr|A8ABN1|A8ABN1_IGNH4,tr|H9ZZG7|H9ZZG7_FERFK,tr|L0HIP1|L0HIP1_ACIS0
tr|L0HK86|L0HK86_ACIS0,tr|I0A059|I0A059_FERFK,tr|A8A9B2|A8A9B2_IGNH4
tr|A8A967|A8A967_IGNH4,tr|I0A2N9|I0A2N9_FERFK,tr|L0HIR1|L0HIR1_ACIS0
tr|A8A982|A8A982_IGNH4,tr|H9ZZZ0|H9ZZZ0_FERFK,tr|L0HJ91|L0HJ91_ACIS0
tr|L0HPG7|L0HPG7_ACIS0,tr|I0A0I1|I0A0I1_FERFK,tr|A8ABZ8|A8ABZ8_IGNH4
tr|L0HJS3|L0HJS3_ACIS0,tr|I0A2W4|I0A2W4_FERFK,sp|A8A948|KAE1_IGNH4
tr|L0HKX8|L0HKX8_ACIS0,tr|I0A038|I0A038_FERFK,tr|A8A8U5|A8A8U5_IGNH4
tr|A8ABR5|A8ABR5_IGNH4,tr|I0A2L8|I0A2L8_FERFK,tr|L0HLD1|L0HLD1_ACIS0
tr|A8AB76|A8AB76_IGNH4,tr|I0A285|I0A285_FERFK,tr|L0HJD6|L0HJD6_ACIS0
tr|A8ABU4|A8ABU4_IGNH4,tr|I0A196|I0A196_FERFK,tr|L0HKN4|L0HKN4_ACIS0
tr|L0HN49|L0HN49_ACIS0,tr|I0A019|I0A019_FERFK,tr|A8A8I4|A8A8I4_IGNH4
tr|L0HPP8|L0HPP8_ACIS0,tr|I0A272|I0A272_FERFK,tr|A8A8N5|A8A8N5_IGNH4
tr|A8A9I5|A8A9I5_IGNH4,tr|I0A030|I0A030_FERFK,tr|L0HMZ2|L0HMZ2_ACIS0
tr|A8AB42|A8AB42_IGNH4,tr|I0A0K6|I0A0K6_FERFK,tr|L0HJP2|L0HJP2_ACIS0
tr|L0HQA4|L0HQA4_ACIS0,tr|I0A0T6|I0A0T6_FERFK,tr|A8AA82|A8AA82_IGNH4
tr|L0HMK6|L0HMK6_ACIS0,tr|I0A2C3|I0A2C3_FERFK,tr|A8AB36|A8AB36_IGNH4
tr|A8A8Q0|A8A8Q0_IGNH4,tr|I0A2V8|I0A2V8_FERFK,tr|L0HLY0|L0HLY0_ACIS0,tr|I0A2Q9|I0A2Q9_FERFK
tr|L0HQB2|L0HQB2_ACIS0,tr|I0A2B2|I0A2B2_FERFK,sp|A8AC98|APGM_IGNH4
tr|A8ACG4|A8ACG4_IGNH4,tr|I0A1C9|I0A1C9_FERFK,tr|L0HHY7|L0HHY7_ACIS0,tr|A8A9D4|A8A9D4_IGNH4
tr|A8A8Y3|A8A8Y3_IGNH4,tr|I0A2J6|I0A2J6_FERFK,tr|L0HMG7|L0HMG7_ACIS0
tr|L0HIS6|L0HIS6_ACIS0,tr|I0A2K3|I0A2K3_FERFK,tr|A8ABQ9|A8ABQ9_IGNH4
tr|A8ABC6|A8ABC6_IGNH4,tr|I0A101|I0A101_FERFK,tr|L0HN29|L0HN29_ACIS0
tr|L0HMM6|L0HMM6_ACIS0,tr|I0A2B3|I0A2B3_FERFK,tr|A8ABD2|A8ABD2_IGNH4
tr|L0HPV7|L0HPV7_ACIS0,tr|I0A1Y4|I0A1Y4_FERFK,tr|A8AC64|A8AC64_IGNH4
tr|L0HNN6|L0HNN6_ACIS0,tr|I0A1W0|I0A1W0_FERFK,tr|A8ACC8|A8ACC8_IGNH4
tr|A8A9U2|A8A9U2_IGNH4,tr|H9ZZX3|H9ZZX3_FERFK,tr|L0HP99|L0HP99_ACIS0
tr|A8A904|A8A904_IGNH4,tr|I0A1I6|I0A1I6_FERFK,tr|L0HKG3|L0HKG3_ACIS0
tr|L0HK98|L0HK98_ACIS0,tr|I0A289|I0A289_FERFK,sp|A8AAK8|RL21_IGNH4
tr|A8AAA0|A8AAA0_IGNH4,tr|I0A126|I0A126_FERFK,tr|L0HKS3|L0HKS3_ACIS0
tr|A8ABK8|A8ABK8_IGNH4,tr|H9ZZA4|H9ZZA4_FERFK,tr|L0HQJ5|L0HQJ5_ACIS0
tr|A8ABN4|A8ABN4_IGNH4,tr|I0A0S3|I0A0S3_FERFK,tr|L0HLN8|L0HLN8_ACIS0
sp|A8AAG3|PYRH_IGNH4,tr|I0A1V8|I0A1V8_FERFK,tr|L0HMW5|L0HMW5_ACIS0
tr|A8AAI7|A8AAI7_IGNH4,tr|I0A181|I0A181_FERFK,tr|L0HI36|L0HI36_ACIS0,tr|H9ZZJ3|H9ZZJ3_FERFK
sp|A8ACD4|RS4E_IGNH4,tr|I0A0J1|I0A0J1_FERFK,tr|L0HPF6|L0HPF6_ACIS0
tr|L0HNL6|L0HNL6_ACIS0,tr|I0A2I6|I0A2I6_FERFK,tr|A8ABY2|A8ABY2_IGNH4
tr|A8AAT9|A8AAT9_IGNH4,tr|I0A1R6|I0A1R6_FERFK,tr|L0HJL7|L0HJL7_ACIS0
sp|A8ABZ0|OMP1_IGNH4,tr|H9ZZ76|H9ZZ76_FERFK,tr|L0HGW8|L0HGW8_ACIS0
tr|A8AA26|A8AA26_IGNH4,tr|H9ZZW3|H9ZZW3_FERFK,tr|L0HNK7|L0HNK7_ACIS0
tr|L0HMN0|L0HMN0_ACIS0,tr|I0A1H1|I0A1H1_FERFK,tr|A8A9Y4|A8A9Y4_IGNH4
tr|A8AB75|A8AB75_IGNH4,tr|I0A283|I0A283_FERFK,tr|L0HK73|L0HK73_ACIS0
tr|L0HLQ8|L0HLQ8_ACIS0,tr|I0A1N9|I0A1N9_FERFK,tr|A8A9F6|A8A9F6_IGNH4
tr|A8A9T6|A8A9T6_IGNH4,tr|H9ZZJ7|H9ZZJ7_FERFK,tr|L0HPU7|L0HPU7_ACIS0
tr|A8ABW0|A8ABW0_IGNH4,tr|I0A0N1|I0A0N1_FERFK,tr|L0HMB7|L0HMB7_ACIS0
tr|A8AB94|A8AB94_IGNH4,tr|I0A1W5|I0A1W5_FERFK,tr|L0HN66|L0HN66_ACIS0
tr|L0HKV3|L0HKV3_ACIS0,tr|I0A208|I0A208_FERFK,tr|A8A8J0|A8A8J0_IGNH4
tr|L0HM73|L0HM73_ACIS0,tr|I0A0E6|I0A0E6_FERFK,tr|A8A8W6|A8A8W6_IGNH4
tr|A8AC13|A8AC13_IGNH4,tr|I0A1Y5|I0A1Y5_FERFK,tr|L0HKY0|L0HKY0_ACIS0
tr|A8AAS5|A8AAS5_IGNH4,tr|I0A0P5|I0A0P5_FERFK,tr|L0HKY7|L0HKY7_ACIS0
tr|L0HNG7|L0HNG7_ACIS0,tr|I0A0Q0|I0A0Q0_FERFK,tr|A8A9I1|A8A9I1_IGNH4
tr|L0HMX4|L0HMX4_ACIS0,tr|I0A265|I0A265_FERFK,tr|A8AA33|A8AA33_IGNH4
tr|A8AA32|A8AA32_IGNH4,tr|I0A249|I0A249_FERFK,tr|L0HHM8|L0HHM8_ACIS0
tr|L0HJ44|L0HJ44_ACIS0,tr|H9ZZZ8|H9ZZZ8_FERFK,tr|A8AC61|A8AC61_IGNH4
tr|A8A9Z6|A8A9Z6_IGNH4,tr|I0A0D9|I0A0D9_FERFK,tr|L0HKC4|L0HKC4_ACIS0
tr|A8A9U6|A8A9U6_IGNH4,tr|I0A2T2|I0A2T2_FERFK,tr|L0HM51|L0HM51_ACIS0
tr|A8AAU7|A8AAU7_IGNH4,tr|H9ZZP7|H9ZZP7_FERFK,tr|L0HHQ6|L0HHQ6_ACIS0
tr|L0HPU7|L0HPU7_ACIS0,tr|H9ZZJ7|H9ZZJ7_FERFK,tr|A8A9T6|A8A9T6_IGNH4
sp|A8ABD7|SECG_IGNH4,tr|I0A1U1|I0A1U1_FERFK,tr|L0HN14|L0HN14_ACIS0
tr|A8AC21|A8AC21_IGNH4,tr|I0A301|I0A301_FERFK,tr|L0HPR8|L0HPR8_ACIS0
tr|L0HKP3|L0HKP3_ACIS0,tr|I0A1F4|I0A1F4_FERFK,tr|A8ABZ2|A8ABZ2_IGNH4
tr|L0HIK1|L0HIK1_ACIS0,tr|I0A026|I0A026_FERFK,tr|A8ABI8|A8ABI8_IGNH4
tr|L0HP41|L0HP41_ACIS0,tr|I0A200|I0A200_FERFK,tr|A8AC91|A8AC91_IGNH4
tr|A8AAP9|A8AAP9_IGNH4,tr|H9ZZ83|H9ZZ83_FERFK,tr|L0HHW9|L0HHW9_ACIS0
tr|A8ABS3|A8ABS3_IGNH4,tr|I0A0I0|I0A0I0_FERFK,tr|L0HLR4|L0HLR4_ACIS0
sp|A8AC00|RS5_IGNH4,tr|I0A0I3|I0A0I3_FERFK,tr|L0HJR5|L0HJR5_ACIS0
tr|L0HKJ5|L0HKJ5_ACIS0,tr|I0A035|I0A035_FERFK,tr|A8AC87|A8AC87_IGNH4
tr|L0HKX2|L0HKX2_ACIS0,tr|I0A1L1|I0A1L1_FERFK,tr|A8A9L9|A8A9L9_IGNH4
tr|L0HKT5|L0HKT5_ACIS0,tr|I0A1T8|I0A1T8_FERFK,tr|A8ACE6|A8ACE6_IGNH4
tr|A8ABF1|A8ABF1_IGNH4,tr|I0A0A7|I0A0A7_FERFK,tr|L0HLH3|L0HLH3_ACIS0,tr|L0HNF1|L0HNF1_ACIS0
tr|A8AC12|A8AC12_IGNH4,tr|I0A1C2|I0A1C2_FERFK,tr|L0HP10|L0HP10_ACIS0,tr|L0HM22|L0HM22_ACIS0
tr|A8AC64|A8AC64_IGNH4,tr|I0A1Y4|I0A1Y4_FERFK,tr|L0HPV7|L0HPV7_ACIS0
tr|A8AAP4|A8AAP4_IGNH4,tr|I0A2X7|I0A2X7_FERFK,tr|L0HKP8|L0HKP8_ACIS0
tr|L0HJJ2|L0HJJ2_ACIS0,tr|I0A2N1|I0A2N1_FERFK,tr|A8A991|A8A991_IGNH4
tr|L0HNM9|L0HNM9_ACIS0,tr|I0A219|I0A219_FERFK,tr|A8A8V3|A8A8V3_IGNH4
sp|A8ABE2|NTPTH_IGNH4,tr|I0A2K2|I0A2K2_FERFK,tr|L0HMW2|L0HMW2_ACIS0
tr|L0HMX7|L0HMX7_ACIS0,tr|I0A2Z0|I0A2Z0_FERFK,sp|A8AC24|RFCL_IGNH4
tr|A8A8U2|A8A8U2_IGNH4,tr|I0A0H3|I0A0H3_FERFK,tr|L0HLI8|L0HLI8_ACIS0,tr|A8AB95|A8AB95_IGNH4,tr|I0A293|I0A293_FERFK
sp|A8ACB1|OTC_IGNH4,tr|I0A1N8|I0A1N8_FERFK,tr|L0HNX1|L0HNX1_ACIS0
tr|A8A9T7|A8A9T7_IGNH4,tr|H9ZZK1|H9ZZK1_FERFK,tr|L0HQG1|L0HQG1_ACIS0
tr|L0HL53|L0HL53_ACIS0,tr|I0A2X1|I0A2X1_FERFK,tr|A8AAM3|A8AAM3_IGNH4
tr|L0HPP1|L0HPP1_ACIS0,tr|I0A0B8|I0A0B8_FERFK,tr|A8A9Y7|A8A9Y7_IGNH4
tr|L0HKT9|L0HKT9_ACIS0,tr|H9ZZN1|H9ZZN1_FERFK,tr|A8AAQ0|A8AAQ0_IGNH4
tr|A8A8W6|A8A8W6_IGNH4,tr|I0A0E6|I0A0E6_FERFK,tr|L0HM73|L0HM73_ACIS0
tr|L0HLV7|L0HLV7_ACIS0,tr|I0A251|I0A251_FERFK,tr|A8AAC5|A8AAC5_IGNH4
sp|A8ACD3|RL24_IGNH4,tr|I0A0J2|I0A0J2_FERFK,tr|L0HNP8|L0HNP8_ACIS0
tr|A8A9D9|A8A9D9_IGNH4,tr|H9ZZT8|H9ZZT8_FERFK,tr|L0HLY6|L0HLY6_ACIS0,tr|A8ABW1|A8ABW1_IGNH4,tr|I0A2L6|I0A2L6_FERFK
tr|L0HNL2|L0HNL2_ACIS0,tr|H9ZZM6|H9ZZM6_FERFK,tr|A8A8U4|A8A8U4_IGNH4
tr|L0HMG7|L0HMG7_ACIS0,tr|I0A2J6|I0A2J6_FERFK,tr|A8A8Y3|A8A8Y3_IGNH4
tr|L0HM90|L0HM90_ACIS0,tr|I0A0N6|I0A0N6_FERFK,tr|A8AA67|A8AA67_IGNH4
tr|A8A8U5|A8A8U5_IGNH4,tr|I0A038|I0A038_FERFK,tr|L0HKX8|L0HKX8_ACIS0
tr|L0HP74|L0HP74_ACIS0,tr|H9ZZI4|H9ZZI4_FERFK,tr|A8ABJ0|A8ABJ0_IGNH4
tr|L0HMM8|L0HMM8_ACIS0,tr|I0A1F6|I0A1F6_FERFK,tr|A8AA17|A8AA17_IGNH4
tr|L0HKK0|L0HKK0_ACIS0,tr|I0A141|I0A141_FERFK,tr|A8AAL9|A8AAL9_IGNH4
tr|L0HKY2|L0HKY2_ACIS0,tr|I0A2P8|I0A2P8_FERFK,tr|A8AAM1|A8AAM1_IGNH4
tr|A8AC89|A8AC89_IGNH4,tr|I0A0C3|I0A0C3_FERFK,tr|L0HK32|L0HK32_ACIS0
tr|A8A8T5|A8A8T5_IGNH4,tr|I0A060|I0A060_FERFK,tr|L0HJD8|L0HJD8_ACIS0
tr|L0HL48|L0HL48_ACIS0,tr|I0A143|I0A143_FERFK,tr|A8A9N4|A8A9N4_IGNH4
tr|L0HH39|L0HH39_ACIS0,tr|H9ZZS9|H9ZZS9_FERFK,tr|A8AAD4|A8AAD4_IGNH4
tr|L0HMP8|L0HMP8_ACIS0,tr|H9ZZW5|H9ZZW5_FERFK,sp|A8A8H5|PYRI_IGNH4
tr|A8AAF4|A8AAF4_IGNH4,tr|I0A0D2|I0A0D2_FERFK,tr|L0HMF3|L0HMF3_ACIS0
tr|L0HKE1|L0HKE1_ACIS0,tr|I0A2K5|I0A2K5_FERFK,tr|A8AA16|A8AA16_IGNH4
tr|L0HMU3|L0HMU3_ACIS0,tr|I0A1J3|I0A1J3_FERFK,tr|A8A9K9|A8A9K9_IGNH4
tr|A8AAY5|A8AAY5_IGNH4,tr|I0A2A8|I0A2A8_FERFK,tr|L0HKQ3|L0HKQ3_ACIS0
tr|A8A8F4|A8A8F4_IGNH4,tr|I0A1J1|I0A1J1_FERFK,tr|L0HL51|L0HL51_ACIS0
tr|A8A9S1|A8A9S1_IGNH4,tr|I0A1Z4|I0A1Z4_FERFK,tr|L0HLW9|L0HLW9_ACIS0
sp|A8A8D3|IF2P_IGNH4,tr|I0A0D0|I0A0D0_FERFK,tr|L0HKV6|L0HKV6_ACIS0
tr|L0HK73|L0HK73_ACIS0,tr|I0A283|I0A283_FERFK,tr|A8AB75|A8AB75_IGNH4
tr|L0HLK7|L0HLK7_ACIS0,tr|H9ZZU0|H9ZZU0_FERFK,tr|A8ABV0|A8ABV0_IGNH4
sp|A8AAN4|IDI2_IGNH4,tr|I0A0D8|I0A0D8_FERFK,tr|L0HJP0|L0HJP0_ACIS0
tr|L0HP48|L0HP48_ACIS0,tr|I0A2E2|I0A2E2_FERFK,tr|A8A8F3|A8A8F3_IGNH4
tr|L0HL51|L0HL51_ACIS0,tr|I0A1J1|I0A1J1_FERFK,tr|A8A8F4|A8A8F4_IGNH4
tr|L0HLD3|L0HLD3_ACIS0,tr|I0A1X3|I0A1X3_FERFK,tr|A8A8D9|A8A8D9_IGNH4
tr|A8A8U4|A8A8U4_IGNH4,tr|H9ZZM6|H9ZZM6_FERFK,tr|L0HNL2|L0HNL2_ACIS0
tr|A8A9Z0|A8A9Z0_IGNH4,tr|I0A075|I0A075_FERFK,tr|L0HNH4|L0HNH4_ACIS0
tr|L0HNV4|L0HNV4_ACIS0,tr|I0A1Z5|I0A1Z5_FERFK,tr|A8AA02|A8AA02_IGNH4
tr|L0HN88|L0HN88_ACIS0,tr|I0A2R8|I0A2R8_FERFK,tr|A8A9X5|A8A9X5_IGNH4
tr|A8A8H2|A8A8H2_IGNH4,tr|I0A1B3|I0A1B3_FERFK,tr|L0HNN3|L0HNN3_ACIS0
tr|L0HJ91|L0HJ91_ACIS0,tr|H9ZZZ0|H9ZZZ0_FERFK,tr|A8A982|A8A982_IGNH4
tr|A8A956|A8A956_IGNH4,tr|I0A091|I0A091_FERFK,tr|L0HJW3|L0HJW3_ACIS0
tr|A8ABD8|A8ABD8_IGNH4,tr|I0A240|I0A240_FERFK,tr|L0HMM7|L0HMM7_ACIS0
tr|L0HMZ0|L0HMZ0_ACIS0,tr|I0A046|I0A046_FERFK,sp|A8AAC1|FEN_IGNH4
tr|L0HJW6|L0HJW6_ACIS0,tr|I0A1Z6|I0A1Z6_FERFK,tr|A8A9J4|A8A9J4_IGNH4
tr|L0HIG2|L0HIG2_ACIS0,tr|I0A044|I0A044_FERFK,tr|A8AAC3|A8AAC3_IGNH4
sp|A8ABP9|G1PDH_IGNH4,tr|I0A1G2|I0A1G2_FERFK,tr|L0HI26|L0HI26_ACIS0
tr|A8A8P0|A8A8P0_IGNH4,tr|I0A0Y6|I0A0Y6_FERFK,tr|L0HJE9|L0HJE9_ACIS0
tr|A8AAT7|A8AAT7_IGNH4,tr|I0A1W6|I0A1W6_FERFK,tr|L0HLR5|L0HLR5_ACIS0
tr|L0HJD6|L0HJD6_ACIS0,tr|I0A285|I0A285_FERFK,tr|A8AB76|A8AB76_IGNH4
tr|A8A8F3|A8A8F3_IGNH4,tr|I0A2E2|I0A2E2_FERFK,tr|L0HP48|L0HP48_ACIS0
tr|L0HN79|L0HN79_ACIS0,tr|I0A0N7|I0A0N7_FERFK,tr|A8A9C7|A8A9C7_IGNH4
tr|A8A902|A8A902_IGNH4,tr|I0A2F7|I0A2F7_FERFK,tr|L0HMU9|L0HMU9_ACIS0
tr|L0HMT1|L0HMT1_ACIS0,tr|I0A0C6|I0A0C6_FERFK,tr|A8A8L6|A8A8L6_IGNH4
tr|L0HQP2|L0HQP2_ACIS0,tr|H9ZZK4|H9ZZK4_FERFK,tr|A8ABX0|A8ABX0_IGNH4
sp|A8ABJ8|TRM56_IGNH4,tr|I0A1F9|I0A1F9_FERFK,tr|L0HI67|L0HI67_ACIS0
tr|L0HLT1|L0HLT1_ACIS0,tr|I0A2W7|I0A2W7_FERFK,tr|A8AAC7|A8AAC7_IGNH4
tr|A8AB04|A8AB04_IGNH4,tr|H9ZZQ9|H9ZZQ9_FERFK,tr|L0HJZ0|L0HJZ0_ACIS0,tr|L0HNC6|L0HNC6_ACIS0
tr|A8AC95|A8AC95_IGNH4,tr|H9ZZN5|H9ZZN5_FERFK,tr|L0HKQ5|L0HKQ5_ACIS0
tr|A8AC73|A8AC73_IGNH4,tr|H9ZZ53|H9ZZ53_FERFK,tr|L0HKH5|L0HKH5_ACIS0,tr|L0HIJ6|L0HIJ6_ACIS0,tr|I0A211|I0A211_FERFK
tr|L0HK52|L0HK52_ACIS0,tr|I0A2C8|I0A2C8_FERFK,tr|A8AAS9|A8AAS9_IGNH4
tr|A8AA88|A8AA88_IGNH4,tr|I0A100|I0A100_FERFK,tr|L0HLM7|L0HLM7_ACIS0,tr|I0A2S9|I0A2S9_FERFK
tr|A8A9Y6|A8A9Y6_IGNH4,tr|I0A267|I0A267_FERFK,tr|L0HKR9|L0HKR9_ACIS0
tr|L0HM63|L0HM63_ACIS0,tr|I0A276|I0A276_FERFK,tr|A8AA40|A8AA40_IGNH4
tr|A8ABS6|A8ABS6_IGNH4,tr|H9ZZM9|H9ZZM9_FERFK,tr|L0HK41|L0HK41_ACIS0
tr|A8A8G8|A8A8G8_IGNH4,tr|H9ZZ90|H9ZZ90_FERFK,tr|L0HMX0|L0HMX0_ACIS0
tr|L0HMU9|L0HMU9_ACIS0,tr|I0A2F7|I0A2F7_FERFK,tr|A8A902|A8A902_IGNH4
tr|A8A8P8|A8A8P8_IGNH4,tr|I0A198|I0A198_FERFK,tr|L0HLS8|L0HLS8_ACIS0
tr|L0HL75|L0HL75_ACIS0,tr|I0A1S0|I0A1S0_FERFK,tr|A8AC34|A8AC34_IGNH4
tr|L0HLT5|L0HLT5_ACIS0,tr|I0A2V5|I0A2V5_FERFK,tr|A8AAJ0|A8AAJ0_IGNH4
tr|L0HJ34|L0HJ34_ACIS0,tr|I0A2Z1|I0A2Z1_FERFK,tr|A8AC23|A8AC23_IGNH4
tr|A8AA58|A8AA58_IGNH4,tr|H9ZZU2|H9ZZU2_FERFK,tr|L0HL08|L0HL08_ACIS0
tr|L0HMM3|L0HMM3_ACIS0,tr|I0A210|I0A210_FERFK,tr|A8A9V3|A8A9V3_IGNH4
tr|A8AAJ0|A8AAJ0_IGNH4,tr|I0A2V5|I0A2V5_FERFK,tr|L0HLT5|L0HLT5_ACIS0
sp|A8A8V6|ALBA_IGNH4,tr|I0A156|I0A156_FERFK,tr|L0HKS0|L0HKS0_ACIS0
tr|A8A8S7|A8A8S7_IGNH4,tr|I0A180|I0A180_FERFK,tr|L0HQC6|L0HQC6_ACIS0,tr|A8AB55|A8AB55_IGNH4
sp|A8AB26|NADM_IGNH4,tr|I0A190|I0A190_FERFK,tr|L0HLE8|L0HLE8_ACIS0
tr|A8AB11|A8AB11_IGNH4,tr|H9ZZ46|H9ZZ46_FERFK,tr|L0HNJ9|L0HNJ9_ACIS0,tr|I0A067|I0A067_FERFK
tr|L0HLE5|L0HLE5_ACIS0,tr|I0A0S5|I0A0S5_FERFK,tr|A8A8J7|A8A8J7_IGNH4
tr|A8AAT0|A8AAT0_IGNH4,tr|I0A2C9|I0A2C9_FERFK,tr|L0HK74|L0HK74_ACIS0
tr|L0HMR0|L0HMR0_ACIS0,tr|I0A2R0|I0A2R0_FERFK,tr|A8AAZ2|A8AAZ2_IGNH4
tr|A8A901|A8A901_IGNH4,tr|I0A1U4|I0A1U4_FERFK,tr|L0HLJ7|L0HLJ7_ACIS0
tr|L0HM66|L0HM66_ACIS0,tr|I0A185|I0A185_FERFK,tr|A8A9H4|A8A9H4_IGNH4
tr|A8ACE6|A8ACE6_IGNH4,tr|I0A1T8|I0A1T8_FERFK,tr|L0HKT5|L0HKT5_ACIS0
tr|L0HNN3|L0HNN3_ACIS0,tr|I0A1B3|I0A1B3_FERFK,tr|A8A8H2|A8A8H2_IGNH4
tr|L0HK74|L0HK74_ACIS0,tr|I0A2C9|I0A2C9_FERFK,tr|A8AAT0|A8AAT0_IGNH4
sp|A8AB68|SYC_IGNH4,tr|I0A154|I0A154_FERFK,tr|L0HN53|L0HN53_ACIS0
tr|L0HHH8|L0HHH8_ACIS0,tr|I0A077|I0A077_FERFK,tr|A8A8X6|A8A8X6_IGNH4
sp|A8A9B8|NFI_IGNH4,tr|H9ZZS4|H9ZZS4_FERFK,tr|L0HL06|L0HL06_ACIS0
tr|L0HHM8|L0HHM8_ACIS0,tr|I0A249|I0A249_FERFK,tr|A8AA32|A8AA32_IGNH4
tr|L0HNE0|L0HNE0_ACIS0,tr|I0A0S7|I0A0S7_FERFK,tr|A8A931|A8A931_IGNH4
tr|L0HP60|L0HP60_ACIS0,tr|I0A0N4|I0A0N4_FERFK,tr|A8ABF2|A8ABF2_IGNH4
tr|A8ABV2|A8ABV2_IGNH4,tr|I0A2K9|I0A2K9_FERFK,tr|L0HMA7|L0HMA7_ACIS0
tr|A8ABC0|A8ABC0_IGNH4,tr|I0A296|I0A296_FERFK,tr|L0HJL5|L0HJL5_ACIS0
sp|A8AC29|VATA_IGNH4,tr|I0A1T3|I0A1T3_FERFK,tr|L0HN15|L0HN15_ACIS0
tr|L0HLQ9|L0HLQ9_ACIS0,tr|I0A2T9|I0A2T9_FERFK,tr|A8ABK6|A8ABK6_IGNH4
tr|L0HNK7|L0HNK7_ACIS0,tr|H9ZZW3|H9ZZW3_FERFK,tr|A8AA26|A8AA26_IGNH4
tr|L0HN66|L0HN66_ACIS0,tr|I0A1W5|I0A1W5_FERFK,tr|A8AB94|A8AB94_IGNH4
tr|A8ABL0|A8ABL0_IGNH4,tr|H9ZZA6|H9ZZA6_FERFK,tr|L0HJ14|L0HJ14_ACIS0
tr|A8AC02|A8AC02_IGNH4,tr|I0A0I5|I0A0I5_FERFK,tr|L0HLR0|L0HLR0_ACIS0
tr|A8A9N4|A8A9N4_IGNH4,tr|I0A143|I0A143_FERFK,tr|L0HL48|L0HL48_ACIS0
tr|A8AA33|A8AA33_IGNH4,tr|I0A265|I0A265_FERFK,tr|L0HMX4|L0HMX4_ACIS0
tr|A8A9F9|A8A9F9_IGNH4,tr|I0A004|I0A004_FERFK,tr|L0HLC7|L0HLC7_ACIS0
sp|A8AB83|RADA_IGNH4,tr|I0A186|I0A186_FERFK,tr|L0HME5|L0HME5_ACIS0
tr|A8A9W6|A8A9W6_IGNH4,tr|H9ZZF9|H9ZZF9_FERFK,tr|L0HM24|L0HM24_ACIS0
tr|A8A9G6|A8A9G6_IGNH4,tr|I0A2J4|I0A2J4_FERFK,tr|L0HKR2|L0HKR2_ACIS0
sp|A8ACA7|EF2_IGNH4,tr|I0A2X8|I0A2X8_FERFK,tr|L0HJD0|L0HJD0_ACIS0
tr|L0HNB5|L0HNB5_ACIS0,tr|I0A2U2|I0A2U2_FERFK,tr|A8AA74|A8AA74_IGNH4
tr|L0HNF7|L0HNF7_ACIS0,tr|I0A270|I0A270_FERFK,sp|A8AAJ4|NOP10_IGNH4
tr|A8AAX1|A8AAX1_IGNH4,tr|I0A1L6|I0A1L6_FERFK,tr|L0HMH3|L0HMH3_ACIS0
tr|A8AAF0|A8AAF0_IGNH4,tr|I0A042|I0A042_FERFK,tr|L0HMS2|L0HMS2_ACIS0
tr|A8AA67|A8AA67_IGNH4,tr|I0A0N6|I0A0N6_FERFK,tr|L0HM90|L0HM90_ACIS0
tr|L0HLN6|L0HLN6_ACIS0,tr|I0A0G2|I0A0G2_FERFK,tr|A8A8F2|A8A8F2_IGNH4
tr|U3GK61|U3GK61_ACIS0,tr|H9ZZS3|H9ZZS3_FERFK,sp|A8A9X7|RIFK_IGNH4
tr|A8AC23|A8AC23_IGNH4,tr|I0A2Z1|I0A2Z1_FERFK,tr|L0HJ34|L0HJ34_ACIS0
tr|A8A8V3|A8A8V3_IGNH4,tr|I0A219|I0A219_FERFK,tr|L0HNM9|L0HNM9_ACIS0
tr|L0HK32|L0HK32_ACIS0,tr|I0A0C3|I0A0C3_FERFK,tr|A8AC89|A8AC89_IGNH4
tr|L0HMX2|L0HMX2_ACIS0,tr|I0A2K1|I0A2K1_FERFK,tr|A8ACB8|A8ACB8_IGNH4
tr|A8ABL9|A8ABL9_IGNH4,tr|I0A2Y3|I0A2Y3_FERFK,tr|L0HL77|L0HL77_ACIS0,tr|L0HMJ9|L0HMJ9_ACIS0,tr|I0A2S0|I0A2S0_FERFK
tr|A8AAY0|A8AAY0_IGNH4,tr|I0A0P7|I0A0P7_FERFK,tr|L0HMN4|L0HMN4_ACIS0
tr|L0HKU4|L0HKU4_ACIS0,tr|I0A1F3|I0A1F3_FERFK,tr|A8A9G3|A8A9G3_IGNH4
sp|A8A9W2|RTCA_IGNH4,tr|I0A1U3|I0A1U3_FERFK,tr|L0HLL1|L0HLL1_ACIS0
tr|L0HM40|L0HM40_ACIS0,tr|H9ZZR4|H9ZZR4_FERFK,tr|A8A9H6|A8A9H6_IGNH4
tr|A8A9G9|A8A9G9_IGNH4,tr|I0A177|I0A177_FERFK,tr|L0HMH7|L0HMH7_ACIS0
tr|L0HLV2|L0HLV2_ACIS0,tr|I0A199|I0A199_FERFK,tr|A8ABF4|A8ABF4_IGNH4
tr|L0HKB1|L0HKB1_ACIS0,tr|I0A1K4|I0A1K4_FERFK,tr|A8AAS1|A8AAS1_IGNH4
tr|L0HNR4|L0HNR4_ACIS0,tr|I0A1P9|I0A1P9_FERFK,tr|A8AA52|A8AA52_IGNH4
tr|L0HLW9|L0HLW9_ACIS0,tr|I0A1Z4|I0A1Z4_FERFK,tr|A8A9S1|A8A9S1_IGNH4
tr|L0HND5|L0HND5_ACIS0,tr|I0A1B5|I0A1B5_FERFK,tr|A8AAR6|A8AAR6_IGNH4
tr|A8A8M7|A8A8M7_IGNH4,tr|I0A2D2|I0A2D2_FERFK,tr|L0HJQ4|L0HJQ4_ACIS0
tr|A8A8W7|A8A8W7_IGNH4,tr|I0A0E5|I0A0E5_FERFK,tr|L0HLI6|L0HLI6_ACIS0
tr|L0HLY6|L0HLY6_ACIS0,tr|I0A2L6|I0A2L6_FERFK,tr|A8A9D9|A8A9D9_IGNH4
tr|L0HMK1|L0HMK1_ACIS0,tr|H9ZZV3|H9ZZV3_FERFK,tr|A8A8R0|A8A8R0_IGNH4
tr|L0HKF7|L0HKF7_ACIS0,tr|I0A300|I0A300_FERFK,tr|A8AC11|A8AC11_IGNH4
tr|A8A998|A8A998_IGNH4,tr|I0A1H2|I0A1H2_FERFK,tr|L0HJV8|L0HJV8_ACIS0
tr|A8AAL8|A8AAL8_IGNH4,tr|I0A1I1|I0A1I1_FERFK,tr|L0HJT7|L0HJT7_ACIS0
tr|A8A8L5|A8A8L5_IGNH4,tr|I0A0C5|I0A0C5_FERFK,tr|L0HK12|L0HK12_ACIS0
tr|A8ABT3|A8ABT3_IGNH4,tr|I0A2H6|I0A2H6_FERFK,tr|L0HMW3|L0HMW3_ACIS0
tr|L0HJ39|L0HJ39_ACIS0,tr|I0A252|I0A252_FERFK,tr|A8AAC4|A8AAC4_IGNH4
sp|A8AB67|SYS_IGNH4,tr|I0A209|I0A209_FERFK,tr|L0HLB1|L0HLB1_ACIS0
tr|L0HLG7|L0HLG7_ACIS0,tr|H9ZZL2|H9ZZL2_FERFK,tr|A8A8E7|A8A8E7_IGNH4
sp|A8AAJ8|SRP19_IGNH4,tr|I0A2K7|I0A2K7_FERFK,tr|L0HQM0|L0HQM0_ACIS0
tr|L0HK26|L0HK26_ACIS0,tr|I0A119|I0A119_FERFK,tr|A8A8V5|A8A8V5_IGNH4
tr|A8AC93|A8AC93_IGNH4,tr|I0A0A3|I0A0A3_FERFK,tr|L0HJT5|L0HJT5_ACIS0,tr|A8A9M6|A8A9M6_IGNH4,tr|I0A0A4|I0A0A4_FERFK,tr|L0HNR6|L0HNR6_ACIS0
tr|L0HLL3|L0HLL3_ACIS0,tr|I0A0B1|I0A0B1_FERFK,tr|A8A9V1|A8A9V1_IGNH4
tr|A8ABB6|A8ABB6_IGNH4,tr|I0A201|I0A201_FERFK,tr|L0HME3|L0HME3_ACIS0
sp|A8A8W1|IXTPA_IGNH4,tr|I0A2W2|I0A2W2_FERFK,tr|L0HMJ3|L0HMJ3_ACIS0
tr|L0HL00|L0HL00_ACIS0,tr|H9ZZH1|H9ZZH1_FERFK,tr|A8A9U9|A8A9U9_IGNH4
tr|L0HI26|L0HI26_ACIS0,tr|I0A1G2|I0A1G2_FERFK,sp|A8ABP9|G1PDH_IGNH4
tr|L0HM83|L0HM83_ACIS0,tr|I0A316|I0A316_FERFK,sp|A8AAB6|ARGDC_IGNH4
tr|L0HM92|L0HM92_ACIS0,tr|H9ZZT3|H9ZZT3_FERFK,tr|A8A9Z3|A8A9Z3_IGNH4
tr|A8A8Z2|A8A8Z2_IGNH4,tr|I0A2W9|I0A2W9_FERFK,tr|L0HN48|L0HN48_ACIS0
tr|A8ABK6|A8ABK6_IGNH4,tr|I0A2T9|I0A2T9_FERFK,tr|L0HLQ9|L0HLQ9_ACIS0
tr|L0HM77|L0HM77_ACIS0,tr|I0A0G9|I0A0G9_FERFK,tr|A8ABZ7|A8ABZ7_IGNH4
tr|L0HH23|L0HH23_ACIS0,tr|I0A1C5|I0A1C5_FERFK,tr|A8A960|A8A960_IGNH4
tr|A8AB86|A8AB86_IGNH4,tr|I0A129|I0A129_FERFK,tr|L0HKR1|L0HKR1_ACIS0,tr|L0HIP8|L0HIP8_ACIS0
tr|L0HQG5|L0HQG5_ACIS0,tr|I0A1F2|I0A1F2_FERFK,tr|A8A9J5|A8A9J5_IGNH4
tr|L0HM58|L0HM58_ACIS0,tr|I0A0E1|I0A0E1_FERFK,sp|A8AB69|Y992_IGNH4
sp|A8AB57|RL37_IGNH4,tr|I0A1I9|I0A1I9_FERFK,tr|L0HJZ7|L0HJZ7_ACIS0
tr|A8A8E8|A8A8E8_IGNH4,tr|H9ZZF8|H9ZZF8_FERFK,tr|L0HMU4|L0HMU4_ACIS0,tr|L0HMM0|L0HMM0_ACIS0,tr|A8A8E9|A8A8E9_IGNH4,tr|I0A130|I0A130_FERFK,tr|I0A1E1|I0A1E1_FERFK
tr|L0HL86|L0HL86_ACIS0,tr|I0A021|I0A021_FERFK,tr|A8A8R3|A8A8R3_IGNH4
tr|L0HHZ6|L0HHZ6_ACIS0,tr|I0A229|I0A229_FERFK,tr|A8A9Q9|A8A9Q9_IGNH4
tr|A8AA60|A8AA60_IGNH4,tr|H9ZZN2|H9ZZN2_FERFK,tr|L0HNH7|L0HNH7_ACIS0
tr|L0HJQ3|L0HJQ3_ACIS0,tr|I0A0J3|I0A0J3_FERFK,sp|A8ACD2|RL14_IGNH4
tr|A8AA05|A8AA05_IGNH4,tr|I0A279|I0A279_FERFK,tr|L0HLZ6|L0HLZ6_ACIS0,tr|A8A8G6|A8A8G6_IGNH4
tr|L0HPC7|L0HPC7_ACIS0,tr|H9ZZR9|H9ZZR9_FERFK,tr|A8ABY4|A8ABY4_IGNH4
tr|A8AAA8|A8AAA8_IGNH4,tr|I0A0M5|I0A0M5_FERFK,tr|L0HJU0|L0HJU0_ACIS0,tr|L0HMH6|L0HMH6_ACIS0,tr|I0A0M6|I0A0M6_FERFK
tr|A8ACE1|A8ACE1_IGNH4,tr|I0A2J9|I0A2J9_FERFK,tr|L0HLW1|L0HLW1_ACIS0
tr|A8A8X7|A8A8X7_IGNH4,tr|I0A078|I0A078_FERFK,tr|L0HMI0|L0HMI0_ACIS0,tr|I0A1B0|I0A1B0_FERFK
tr|L0HI51|L0HI51_ACIS0,tr|I0A1N1|I0A1N1_FERFK,tr|A8AAC6|A8AAC6_IGNH4
tr|A8A8E3|A8A8E3_IGNH4,tr|H9ZZM5|H9ZZM5_FERFK,tr|L0HP30|L0HP30_ACIS0
tr|L0HND4|L0HND4_ACIS0,tr|I0A0D7|I0A0D7_FERFK,tr|A8ABP3|A8ABP3_IGNH4
tr|L0HKP8|L0HKP8_ACIS0,tr|I0A2X7|I0A2X7_FERFK,tr|A8AAP4|A8AAP4_IGNH4
tr|L0HNS7|L0HNS7_ACIS0,tr|I0A2E9|I0A2E9_FERFK,tr|A8A8R1|A8A8R1_IGNH4
tr|L0HNG2|L0HNG2_ACIS0,tr|I0A0P8|I0A0P8_FERFK,tr|A8A992|A8A992_IGNH4
tr|A8ABQ2|A8ABQ2_IGNH4,tr|I0A2P5|I0A2P5_FERFK,tr|L0HQ28|L0HQ28_ACIS0
tr|L0HLQ0|L0HLQ0_ACIS0,tr|I0A0J5|I0A0J5_FERFK,sp|A8AA22|RNP1_IGNH4
tr|A8ABP7|A8ABP7_IGNH4,tr|H9ZZE4|H9ZZE4_FERFK,tr|L0HNU0|L0HNU0_ACIS0
sp|A8A8X8|SYA_IGNH4,tr|I0A2Q7|I0A2Q7_FERFK,tr|L0HPB4|L0HPB4_ACIS0
tr|L0HME4|L0HME4_ACIS0,tr|I0A0I9|I0A0I9_FERFK,tr|A8ACD6|A8ACD6_IGNH4
tr|L0HJR5|L0HJR5_ACIS0,tr|I0A0I3|I0A0I3_FERFK,sp|A8AC00|RS5_IGNH4
tr|L0HLL1|L0HLL1_ACIS0,tr|I0A1U3|I0A1U3_FERFK,sp|A8A9W2|RTCA_IGNH4
tr|L0HJG0|L0HJG0_ACIS0,tr|I0A2P0|I0A2P0_FERFK,sp|A8A968|RL31_IGNH4
tr|L0HK29|L0HK29_ACIS0,tr|I0A1E9|I0A1E9_FERFK,tr|A8AAA5|A8AAA5_IGNH4
tr|L0HK78|L0HK78_ACIS0,tr|H9ZZE8|H9ZZE8_FERFK,tr|A8A9M7|A8A9M7_IGNH4
tr|L0HK82|L0HK82_ACIS0,tr|H9ZZG2|H9ZZG2_FERFK,tr|A8AB31|A8AB31_IGNH4
tr|A8AAA7|A8AAA7_IGNH4,tr|I0A0C9|I0A0C9_FERFK,tr|L0HK77|L0HK77_ACIS0
tr|L0HME5|L0HME5_ACIS0,tr|I0A186|I0A186_FERFK,sp|A8AB83|RADA_IGNH4
tr|A8AAB0|A8AAB0_IGNH4,tr|I0A1T1|I0A1T1_FERFK,tr|L0HKR3|L0HKR3_ACIS0
tr|A8ABS2|A8ABS2_IGNH4,tr|I0A0H9|I0A0H9_FERFK,tr|L0HMF5|L0HMF5_ACIS0
tr|L0HJI3|L0HJI3_ACIS0,tr|I0A2S3|I0A2S3_FERFK,tr|A8ABH6|A8ABH6_IGNH4
tr|L0HKU1|L0HKU1_ACIS0,tr|I0A294|I0A294_FERFK,tr|A8A8Q9|A8A8Q9_IGNH4
tr|A8ACD5|A8ACD5_IGNH4,tr|I0A0J0|I0A0J0_FERFK,tr|L0HLQ5|L0HLQ5_ACIS0
sp|A8A8X0|RS2_IGNH4,tr|I0A0E2|I0A0E2_FERFK,tr|L0HMU0|L0HMU0_ACIS0
sp|A8AC04|RL6_IGNH4,tr|I0A0I7|I0A0I7_FERFK,tr|L0HNQ3|L0HNQ3_ACIS0
sp|A8A952|RS27A_IGNH4,tr|I0A2W5|I0A2W5_FERFK,tr|L0HM28|L0HM28_ACIS0
tr|A8ABP3|A8ABP3_IGNH4,tr|I0A0D7|I0A0D7_FERFK,tr|L0HND4|L0HND4_ACIS0
tr|A8AAX5|A8AAX5_IGNH4,tr|I0A243|I0A243_FERFK,tr|L0HKQ8|L0HKQ8_ACIS0
tr|A8AAJ5|A8AAJ5_IGNH4,tr|I0A271|I0A271_FERFK,tr|L0HKS6|L0HKS6_ACIS0
sp|A8A8L8|SUCC_IGNH4,tr|I0A048|I0A048_FERFK,tr|L0HPJ2|L0HPJ2_ACIS0
tr|L0HLR4|L0HLR4_ACIS0,tr|I0A0I0|I0A0I0_FERFK,tr|A8ABS3|A8ABS3_IGNH4
tr|L0HNQ8|L0HNQ8_ACIS0,tr|I0A0I2|I0A0I2_FERFK,sp|A8ABZ9|RL30_IGNH4
sp|A8AC70|RL2_IGNH4,tr|I0A0K3|I0A0K3_FERFK,tr|L0HLP4|L0HLP4_ACIS0
tr|L0HME1|L0HME1_ACIS0,tr|I0A1D1|I0A1D1_FERFK,tr|A8AB79|A8AB79_IGNH4
tr|L0HLM5|L0HLM5_ACIS0,tr|I0A291|I0A291_FERFK,tr|A8ABD6|A8ABD6_IGNH4
tr|L0HMB7|L0HMB7_ACIS0,tr|I0A0N1|I0A0N1_FERFK,tr|A8ABW0|A8ABW0_IGNH4
tr|L0HMK3|L0HMK3_ACIS0,tr|I0A1Z3|I0A1Z3_FERFK,tr|A8AAA4|A8AAA4_IGNH4
tr|L0HKC6|L0HKC6_ACIS0,tr|I0A1U2|I0A1U2_FERFK,sp|A8A9E4|FBPAP_IGNH4
tr|L0HLC7|L0HLC7_ACIS0,tr|I0A004|I0A004_FERFK,tr|A8A9F9|A8A9F9_IGNH4
tr|A8AB88|A8AB88_IGNH4,tr|I0A128|I0A128_FERFK,tr|L0HJE4|L0HJE4_ACIS0,tr|L0HGN4|L0HGN4_ACIS0,tr|A8AB87|A8AB87_IGNH4
tr|L0HM12|L0HM12_ACIS0,tr|I0A0D5|I0A0D5_FERFK,sp|A8ABI5|SYE_IGNH4
tr|L0HMZ7|L0HMZ7_ACIS0,tr|H9ZZF1|H9ZZF1_FERFK,tr|A8A8H3|A8A8H3_IGNH4
tr|L0HJE5|L0HJE5_ACIS0,tr|H9ZZC3|H9ZZC3_FERFK,tr|A8A9Q4|A8A9Q4_IGNH4
tr|L0HPL8|L0HPL8_ACIS0,tr|H9ZZV6|H9ZZV6_FERFK,sp|A8AAQ5|HYPA_IGNH4
tr|A8A9F8|A8A9F8_IGNH4,tr|I0A003|I0A003_FERFK,tr|L0HIM8|L0HIM8_ACIS0,tr|I0A0T9|I0A0T9_FERFK
tr|A8AA03|A8AA03_IGNH4,tr|H9ZZH7|H9ZZH7_FERFK,tr|L0HKY1|L0HKY1_ACIS0,tr|I0A231|I0A231_FERFK
tr|A8A8N2|A8A8N2_IGNH4,tr|I0A166|I0A166_FERFK,tr|L0HN26|L0HN26_ACIS0,tr|I0A1K5|I0A1K5_FERFK
tr|A8A9Y1|A8A9Y1_IGNH4,tr|I0A250|I0A250_FERFK,tr|L0HJK9|L0HJK9_ACIS0
tr|L0HQG1|L0HQG1_ACIS0,tr|H9ZZK1|H9ZZK1_FERFK,tr|A8A9T7|A8A9T7_IGNH4
tr|L0HGY3|L0HGY3_ACIS0,tr|I0A043|I0A043_FERFK,sp|A8A9U0|EF1B_IGNH4
tr|A8A9U1|A8A9U1_IGNH4,tr|I0A309|I0A309_FERFK,tr|L0HM01|L0HM01_ACIS0
tr|A8ABR1|A8ABR1_IGNH4,tr|I0A2T3|I0A2T3_FERFK,tr|L0HH01|L0HH01_ACIS0
tr|L0HND9|L0HND9_ACIS0,tr|I0A2D7|I0A2D7_FERFK,tr|A8AAU9|A8AAU9_IGNH4
tr|A8ABI8|A8ABI8_IGNH4,tr|I0A026|I0A026_FERFK,tr|L0HIK1|L0HIK1_ACIS0
tr|L0HM41|L0HM41_ACIS0,tr|I0A1I5|I0A1I5_FERFK,tr|A8A933|A8A933_IGNH4
tr|L0HJL5|L0HJL5_ACIS0,tr|I0A296|I0A296_FERFK,tr|A8ABC0|A8ABC0_IGNH4
tr|A8A8Z5|A8A8Z5_IGNH4,tr|I0A2K4|I0A2K4_FERFK,tr|L0HL91|L0HL91_ACIS0,tr|H9ZZL8|H9ZZL8_FERFK
sp|A8AAB6|ARGDC_IGNH4,tr|I0A316|I0A316_FERFK,tr|L0HM83|L0HM83_ACIS0
tr|L0HKI4|L0HKI4_ACIS0,tr|I0A164|I0A164_FERFK,tr|A8ABX7|A8ABX7_IGNH4
tr|L0HJT2|L0HJT2_ACIS0,tr|I0A295|I0A295_FERFK,tr|A8A9C3|A8A9C3_IGNH4
tr|L0HQ47|L0HQ47_ACIS0,tr|I0A0D1|I0A0D1_FERFK,sp|A8AAF5|NDK_IGNH4
tr|L0HNG9|L0HNG9_ACIS0,tr|I0A083|I0A083_FERFK,tr|A8AA12|A8AA12_IGNH4
tr|L0HP20|L0HP20_ACIS0,tr|I0A2Z9|I0A2Z9_FERFK,tr|A8AAD8|A8AAD8_IGNH4
tr|L0HMN8|L0HMN8_ACIS0,tr|I0A242|I0A242_FERFK,tr|A8A9E9|A8A9E9_IGNH4
tr|A8A940|A8A940_IGNH4,tr|I0A2P7|I0A2P7_FERFK,tr|L0HJS6|L0HJS6_ACIS0,tr|A8ACE2|A8ACE2_IGNH4
tr|A8A9G4|A8A9G4_IGNH4,tr|I0A1I3|I0A1I3_FERFK,tr|L0HKV0|L0HKV0_ACIS0,tr|L0HKW7|L0HKW7_ACIS0
tr|A8AAA4|A8AAA4_IGNH4,tr|I0A1Z3|I0A1Z3_FERFK,tr|L0HMK3|L0HMK3_ACIS0
tr|L0HLI6|L0HLI6_ACIS0,tr|I0A0E5|I0A0E5_FERFK,tr|A8A8W7|A8A8W7_IGNH4
tr|A8ABD6|A8ABD6_IGNH4,tr|I0A291|I0A291_FERFK,tr|L0HLM5|L0HLM5_ACIS0
sp|A8AA18|RS19_IGNH4,tr|I0A0J9|I0A0J9_FERFK,tr|L0HMD4|L0HMD4_ACIS0
tr|A8AA91|A8AA91_IGNH4,tr|H9ZZG0|H9ZZG0_FERFK,tr|L0HLX7|L0HLX7_ACIS0
tr|L0HPR0|L0HPR0_ACIS0,tr|H9ZZW7|H9ZZW7_FERFK,tr|A8A9S6|A8A9S6_IGNH4
tr|A8A9C8|A8A9C8_IGNH4,tr|I0A2G4|I0A2G4_FERFK,tr|L0HJH3|L0HJH3_ACIS0
tr|A8AA00|A8AA00_IGNH4,tr|I0A1G4|I0A1G4_FERFK,tr|L0HKZ1|L0HKZ1_ACIS0
tr|L0HLT8|L0HLT8_ACIS0,tr|I0A047|I0A047_FERFK,tr|A8A8L7|A8A8L7_IGNH4
sp|A8AB58|PSB2_IGNH4,tr|I0A1U6|I0A1U6_FERFK,tr|L0HN90|L0HN90_ACIS0
tr|L0HMD8|L0HMD8_ACIS0,tr|I0A014|I0A014_FERFK,tr|A8A976|A8A976_IGNH4
tr|A8ABU3|A8ABU3_IGNH4,tr|I0A197|I0A197_FERFK,tr|L0HNE3|L0HNE3_ACIS0
tr|L0HHQ6|L0HHQ6_ACIS0,tr|H9ZZP7|H9ZZP7_FERFK,tr|A8AAU7|A8AAU7_IGNH4
tr|A8ACG1|A8ACG1_IGNH4,tr|I0A082|I0A082_FERFK,tr|L0HM57|L0HM57_ACIS0
tr|A8ACD9|A8ACD9_IGNH4,tr|H9ZZX5|H9ZZX5_FERFK,tr|L0HHP7|L0HHP7_ACIS0
tr|A8A932|A8A932_IGNH4,tr|I0A1I4|I0A1I4_FERFK,tr|L0HIP4|L0HIP4_ACIS0
tr|A8AC62|A8AC62_IGNH4,tr|H9ZZZ9|H9ZZZ9_FERFK,tr|L0HLW2|L0HLW2_ACIS0,tr|L0HN24|L0HN24_ACIS0
tr|L0HKE5|L0HKE5_ACIS0,tr|I0A1E5|I0A1E5_FERFK,sp|A8A954|RS17E_IGNH4
tr|A8AA49|A8AA49_IGNH4,tr|I0A1X1|I0A1X1_FERFK,tr|L0HLB9|L0HLB9_ACIS0
tr|L0HNI0|L0HNI0_ACIS0,tr|I0A163|I0A163_FERFK,tr|A8ACB5|A8ACB5_IGNH4
tr|A8A9G3|A8A9G3_IGNH4,tr|I0A1F3|I0A1F3_FERFK,tr|L0HKU4|L0HKU4_ACIS0
tr|L0HQQ5|L0HQQ5_ACIS0,tr|I0A1F8|I0A1F8_FERFK,tr|A8A964|A8A964_IGNH4
tr|A8AAV9|A8AAV9_IGNH4,tr|I0A007|I0A007_FERFK,tr|L0HLK8|L0HLK8_ACIS0
tr|A8ACE3|A8ACE3_IGNH4,tr|I0A2D8|I0A2D8_FERFK,tr|L0HHJ8|L0HHJ8_ACIS0
tr|L0HJD8|L0HJD8_ACIS0,tr|I0A060|I0A060_FERFK,tr|A8A8T5|A8A8T5_IGNH4
tr|L0HNB7|L0HNB7_ACIS0,tr|I0A306|I0A306_FERFK,tr|A8ABB9|A8ABB9_IGNH4
tr|L0HP99|L0HP99_ACIS0,tr|H9ZZX3|H9ZZX3_FERFK,tr|A8A9U2|A8A9U2_IGNH4
tr|L0HNC9|L0HNC9_ACIS0,tr|H9ZZW6|H9ZZW6_FERFK,sp|A8A8H6|PYRB_IGNH4
tr|L0HKQ3|L0HKQ3_ACIS0,tr|I0A2A8|I0A2A8_FERFK,tr|A8AAY5|A8AAY5_IGNH4
tr|L0HNG4|L0HNG4_ACIS0,tr|I0A277|I0A277_FERFK,tr|A8AAT2|A8AAT2_IGNH4
tr|A8A988|A8A988_IGNH4,tr|H9ZZD0|H9ZZD0_FERFK,tr|L0HJ95|L0HJ95_ACIS0,tr|A8A924|A8A924_IGNH4
tr|L0HPF3|L0HPF3_ACIS0,tr|I0A0J6|I0A0J6_FERFK,tr|A8AA21|A8AA21_IGNH4
tr|L0HPI2|L0HPI2_ACIS0,tr|I0A0T5|I0A0T5_FERFK,tr|A8AA81|A8AA81_IGNH4
tr|L0HKQ8|L0HKQ8_ACIS0,tr|I0A243|I0A243_FERFK,tr|A8AAX5|A8AAX5_IGNH4
tr|A8AC11|A8AC11_IGNH4,tr|I0A300|I0A300_FERFK,tr|L0HKF7|L0HKF7_ACIS0
sp|A8AA19|RL22_IGNH4,tr|I0A0J8|I0A0J8_FERFK,tr|L0HJQ0|L0HJQ0_ACIS0
tr|A8A9N2|A8A9N2_IGNH4,tr|I0A2Q6|I0A2Q6_FERFK,tr|L0HJS9|L0HJS9_ACIS0
tr|L0HKS5|L0HKS5_ACIS0,tr|I0A2N7|I0A2N7_FERFK,tr|A8A965|A8A965_IGNH4
tr|A8A926|A8A926_IGNH4,tr|I0A0T3|I0A0T3_FERFK,tr|L0HN91|L0HN91_ACIS0
tr|L0HPF6|L0HPF6_ACIS0,tr|I0A0J1|I0A0J1_FERFK,sp|A8ACD4|RS4E_IGNH4
tr|A8A9X8|A8A9X8_IGNH4,tr|I0A2M4|I0A2M4_FERFK,tr|L0HMI9|L0HMI9_ACIS0
tr|L0HIE1|L0HIE1_ACIS0,tr|I0A218|I0A218_FERFK,tr|A8AAX2|A8AAX2_IGNH4
tr|A8ABT1|A8ABT1_IGNH4,tr|I0A0G0|I0A0G0_FERFK,tr|L0HPW4|L0HPW4_ACIS0
tr|A8A8X6|A8A8X6_IGNH4,tr|I0A077|I0A077_FERFK,tr|L0HHH8|L0HHH8_ACIS0
tr|A8A8F2|A8A8F2_IGNH4,tr|I0A0G2|I0A0G2_FERFK,tr|L0HLN6|L0HLN6_ACIS0
tr|L0HGQ3|L0HGQ3_ACIS0,tr|I0A2P1|I0A2P1_FERFK,tr|A8A969|A8A969_IGNH4
tr|A8A9S0|A8A9S0_IGNH4,tr|H9ZZV5|H9ZZV5_FERFK,tr|L0HKJ6|L0HKJ6_ACIS0
tr|A8AB51|A8AB51_IGNH4,tr|H9ZZK9|H9ZZK9_FERFK,tr|L0HJZ3|L0HJZ3_ACIS0
tr|A8ABT4|A8ABT4_IGNH4,tr|I0A2J5|I0A2J5_FERFK,tr|L0HKB3|L0HKB3_ACIS0
tr|A8A9W8|A8A9W8_IGNH4,tr|H9ZZN8|H9ZZN8_FERFK,tr|L0HPQ1|L0HPQ1_ACIS0
tr|A8A8J0|A8A8J0_IGNH4,tr|I0A208|I0A208_FERFK,tr|L0HKV3|L0HKV3_ACIS0
tr|L0HLN9|L0HLN9_ACIS0,tr|I0A0G4|I0A0G4_FERFK,tr|A8AA53|A8AA53_IGNH4
sp|A8A9K6|GGGPS_IGNH4,tr|I0A1J5|I0A1J5_FERFK,tr|L0HHJ1|L0HHJ1_ACIS0
tr|L0HML4|L0HML4_ACIS0,tr|I0A315|I0A315_FERFK,tr|A8AAL7|A8AAL7_IGNH4
tr|L0HKN4|L0HKN4_ACIS0,tr|I0A196|I0A196_FERFK,tr|A8ABU4|A8ABU4_IGNH4
tr|L0HML8|L0HML8_ACIS0,tr|I0A169|I0A169_FERFK,tr|A8ABR7|A8ABR7_IGNH4
tr|A8AAG5|A8AAG5_IGNH4,tr|I0A1C8|I0A1C8_FERFK,tr|L0HJZ2|L0HJZ2_ACIS0,tr|A8ABP5|A8ABP5_IGNH4
tr|A8AC91|A8AC91_IGNH4,tr|I0A200|I0A200_FERFK,tr|L0HP41|L0HP41_ACIS0
tr|L0HLQ7|L0HLQ7_ACIS0,tr|I0A1L5|I0A1L5_FERFK,tr|A8ABZ1|A8ABZ1_IGNH4
tr|A8ABQ5|A8ABQ5_IGNH4,tr|I0A2Q3|I0A2Q3_FERFK,tr|L0HL43|L0HL43_ACIS0
tr|L0HJI7|L0HJI7_ACIS0,tr|I0A0C8|I0A0C8_FERFK,tr|A8A9A4|A8A9A4_IGNH4
tr|A8A9Y3|A8A9Y3_IGNH4,tr|I0A304|I0A304_FERFK,tr|L0HPU4|L0HPU4_ACIS0
tr|L0HJK1|L0HJK1_ACIS0,tr|H9ZZY5|H9ZZY5_FERFK,tr|A8AA36|A8AA36_IGNH4
sp|A8AAA9|VATB_IGNH4,tr|I0A1T2|I0A1T2_FERFK,tr|L0HKC8|L0HKC8_ACIS0
sp|A8A8J3|DNAG_IGNH4,tr|I0A2G5|I0A2G5_FERFK,tr|L0HNM3|L0HNM3_ACIS0
tr|A8A9V3|A8A9V3_IGNH4,tr|I0A210|I0A210_FERFK,tr|L0HMM3|L0HMM3_ACIS0
tr|A8A8R2|A8A8R2_IGNH4,tr|I0A2I0|I0A2I0_FERFK,tr|L0HK17|L0HK17_ACIS0
tr|A8A9W9|A8A9W9_IGNH4,tr|I0A2V6|I0A2V6_FERFK,tr|L0HLX0|L0HLX0_ACIS0,tr|A8AAQ9|A8AAQ9_IGNH4
tr|L0HN39|L0HN39_ACIS0,tr|I0A0D3|I0A0D3_FERFK,tr|A8AAF3|A8AAF3_IGNH4
tr|A8A8R0|A8A8R0_IGNH4,tr|H9ZZV3|H9ZZV3_FERFK,tr|L0HMK1|L0HMK1_ACIS0
sp|A8AAV7|PIMT_IGNH4,tr|H9ZZN7|H9ZZN7_FERFK,tr|L0HN18|L0HN18_ACIS0
sp|A8A8H6|PYRB_IGNH4,tr|H9ZZW6|H9ZZW6_FERFK,tr|L0HNC9|L0HNC9_ACIS0
tr|L0HPQ7|L0HPQ7_ACIS0,tr|I0A2P9|I0A2P9_FERFK,tr|A8A8E4|A8A8E4_IGNH4
sp|A8AAU0|RS15_IGNH4,tr|I0A2N6|I0A2N6_FERFK,tr|L0HLZ1|L0HLZ1_ACIS0
tr|L0HMA7|L0HMA7_ACIS0,tr|I0A2K9|I0A2K9_FERFK,tr|A8ABV2|A8ABV2_IGNH4
tr|L0HMJ2|L0HMJ2_ACIS0,tr|I0A2Y6|I0A2Y6_FERFK,tr|A8ABM2|A8ABM2_IGNH4
tr|L0HPG2|L0HPG2_ACIS0,tr|I0A0I6|I0A0I6_FERFK,tr|A8AC03|A8AC03_IGNH4
tr|A8A9V2|A8A9V2_IGNH4,tr|H9ZZG3|H9ZZG3_FERFK,tr|L0HMA5|L0HMA5_ACIS0,tr|A8ABS7|A8ABS7_IGNH4
tr|A8A8W5|A8A8W5_IGNH4,tr|I0A0E7|I0A0E7_FERFK,tr|L0HKY5|L0HKY5_ACIS0
tr|A8AAM1|A8AAM1_IGNH4,tr|I0A2P8|I0A2P8_FERFK,tr|L0HKY2|L0HKY2_ACIS0
tr|A8A9C4|A8A9C4_IGNH4,tr|I0A1W4|I0A1W4_FERFK,tr|L0HLE0|L0HLE0_ACIS0
tr|A8A951|A8A951_IGNH4,tr|I0A086|I0A086_FERFK,tr|L0HN22|L0HN22_ACIS0
tr|A8AA39|A8AA39_IGNH4,tr|I0A1T6|I0A1T6_FERFK,tr|L0HN11|L0HN11_ACIS0
tr|L0HJW3|L0HJW3_ACIS0,tr|I0A091|I0A091_FERFK,tr|A8A956|A8A956_IGNH4
tr|L0HM08|L0HM08_ACIS0,tr|I0A1S6|I0A1S6_FERFK,tr|A8AC68|A8AC68_IGNH4
tr|A8AAB2|A8AAB2_IGNH4,tr|I0A1S9|I0A1S9_FERFK,tr|L0HKB9|L0HKB9_ACIS0
tr|L0HLU7|L0HLU7_ACIS0,tr|I0A2Q4|I0A2Q4_FERFK,tr|A8ABQ6|A8ABQ6_IGNH4
tr|L0HPW3|L0HPW3_ACIS0,tr|I0A0E8|I0A0E8_FERFK,sp|A8A8W4|RS11_IGNH4
tr|L0HKV6|L0HKV6_ACIS0,tr|I0A0D0|I0A0D0_FERFK,sp|A8A8D3|IF2P_IGNH4
tr|A8A9G7|A8A9G7_IGNH4,tr|I0A165|I0A165_FERFK,tr|L0HIP6|L0HIP6_ACIS0,tr|L0HNH1|L0HNH1_ACIS0
tr|L0HM36|L0HM36_ACIS0,tr|I0A2G0|I0A2G0_FERFK,tr|A8AAY9|A8AAY9_IGNH4
tr|L0HHN8|L0HHN8_ACIS0,tr|H9ZZS8|H9ZZS8_FERFK,tr|A8ABH8|A8ABH8_IGNH4
tr|A8A8J4|A8A8J4_IGNH4,tr|I0A095|I0A095_FERFK,tr|L0HMV5|L0HMV5_ACIS0
tr|L0HIC3|L0HIC3_ACIS0,tr|I0A0N9|I0A0N9_FERFK,tr|A8AAS3|A8AAS3_IGNH4
sp|A8AB20|DNLI_IGNH4,tr|H9ZZY7|H9ZZY7_FERFK,tr|L0HLI2|L0HLI2_ACIS0
tr|A8AAC7|A8AAC7_IGNH4,tr|I0A2W7|I0A2W7_FERFK,tr|L0HLT1|L0HLT1_ACIS0
tr|L0HJT7|L0HJT7_ACIS0,tr|I0A1I1|I0A1I1_FERFK,tr|A8AAL8|A8AAL8_IGNH4
tr|L0HHL5|L0HHL5_ACIS0,tr|I0A1A2|I0A1A2_FERFK,tr|A8A9Z8|A8A9Z8_IGNH4
tr|L0HGZ2|L0HGZ2_ACIS0,tr|I0A1P8|I0A1P8_FERFK,sp|A8A9P0|TDXH_IGNH4
sp|A8ACD2|RL14_IGNH4,tr|I0A0J3|I0A0J3_FERFK,tr|L0HJQ3|L0HJQ3_ACIS0
tr|A8A960|A8A960_IGNH4,tr|I0A1C5|I0A1C5_FERFK,tr|L0HH23|L0HH23_ACIS0
tr|A8AAZ2|A8AAZ2_IGNH4,tr|I0A2R0|I0A2R0_FERFK,tr|L0HMR0|L0HMR0_ACIS0
tr|L0HPF1|L0HPF1_ACIS0,tr|H9ZZR5|H9ZZR5_FERFK,tr|A8ABP8|A8ABP8_IGNH4
sp|A8A912|RL7A_IGNH4,tr|I0A0D4|I0A0D4_FERFK,tr|L0HKF3|L0HKF3_ACIS0
sp|A8AA61|DHYS_IGNH4,tr|I0A184|I0A184_FERFK,tr|L0HIS2|L0HIS2_ACIS0
tr|A8ABH6|A8ABH6_IGNH4,tr|I0A2S3|I0A2S3_FERFK,tr|L0HJI3|L0HJI3_ACIS0
tr|A8A969|A8A969_IGNH4,tr|I0A2P1|I0A2P1_FERFK,tr|L0HGQ3|L0HGQ3_ACIS0
sp|A8ABQ7|RL10_IGNH4,tr|I0A2Q5|I0A2Q5_FERFK,tr|L0HJ28|L0HJ28_ACIS0
tr|A8A9C0|A8A9C0_IGNH4,tr|I0A2U8|I0A2U8_FERFK,tr|L0HMN2|L0HMN2_ACIS0
tr|A8A9Y9|A8A9Y9_IGNH4,tr|I0A2C1|I0A2C1_FERFK,tr|L0HLP6|L0HLP6_ACIS0
tr|L0HJ28|L0HJ28_ACIS0,tr|I0A2Q5|I0A2Q5_FERFK,sp|A8ABQ7|RL10_IGNH4
tr|L0HPB4|L0HPB4_ACIS0,tr|I0A2Q7|I0A2Q7_FERFK,sp|A8A8X8|SYA_IGNH4
tr|L0HK45|L0HK45_ACIS0,tr|H9ZZG8|H9ZZG8_FERFK,tr|A8AB84|A8AB84_IGNH4
tr|L0HN47|L0HN47_ACIS0,tr|I0A008|I0A008_FERFK,tr|A8ABV3|A8ABV3_IGNH4
tr|L0HLM9|L0HLM9_ACIS0,tr|I0A241|I0A241_FERFK,tr|A8A9F4|A8A9F4_IGNH4
tr|A8ABB9|A8ABB9_IGNH4,tr|I0A306|I0A306_FERFK,tr|L0HNB7|L0HNB7_ACIS0
tr|L0HMZ8|L0HMZ8_ACIS0,tr|I0A085|I0A085_FERFK,tr|A8AAW5|A8AAW5_IGNH4
tr|A8ABQ9|A8ABQ9_IGNH4,tr|I0A2K3|I0A2K3_FERFK,tr|L0HIS6|L0HIS6_ACIS0
tr|L0HMJ6|L0HMJ6_ACIS0,tr|I0A282|I0A282_FERFK,tr|A8A975|A8A975_IGNH4
tr|L0HQL5|L0HQL5_ACIS0,tr|I0A1F7|I0A1F7_FERFK,tr|A8A9R7|A8A9R7_IGNH4
tr|L0HMV5|L0HMV5_ACIS0,tr|I0A095|I0A095_FERFK,tr|A8A8J4|A8A8J4_IGNH4
tr|L0HL08|L0HL08_ACIS0,tr|H9ZZU2|H9ZZU2_FERFK,tr|A8AA58|A8AA58_IGNH4
tr|A8AB41|A8AB41_IGNH4,tr|I0A087|I0A087_FERFK,tr|L0HKG6|L0HKG6_ACIS0
tr|A8AB36|A8AB36_IGNH4,tr|I0A2C3|I0A2C3_FERFK,tr|L0HMK6|L0HMK6_ACIS0
tr|A8AAQ8|A8AAQ8_IGNH4,tr|I0A2E1|I0A2E1_FERFK,tr|L0HI14|L0HI14_ACIS0
tr|A8ABY0|A8ABY0_IGNH4,tr|I0A012|I0A012_FERFK,tr|L0HLH9|L0HLH9_ACIS0,tr|L0HMA2|L0HMA2_ACIS0
tr|L0HJL7|L0HJL7_ACIS0,tr|I0A1R6|I0A1R6_FERFK,tr|A8AAT9|A8AAT9_IGNH4
tr|A8AB27|A8AB27_IGNH4,tr|I0A2B9|I0A2B9_FERFK,tr|U3GKI1|U3GKI1_ACIS0,tr|U3GL04|U3GL04_ACIS0
tr|L0HJS5|L0HJS5_ACIS0,tr|I0A2Q1|I0A2Q1_FERFK,tr|A8ABQ3|A8ABQ3_IGNH4
tr|L0HLI5|L0HLI5_ACIS0,tr|I0A2N8|I0A2N8_FERFK,tr|A8A966|A8A966_IGNH4
tr|L0HMU0|L0HMU0_ACIS0,tr|I0A0E2|I0A0E2_FERFK,sp|A8A8X0|RS2_IGNH4
tr|A8A8N8|A8A8N8_IGNH4,tr|I0A0Y8|I0A0Y8_FERFK,tr|L0HM47|L0HM47_ACIS0
tr|L0HKR3|L0HKR3_ACIS0,tr|I0A1T1|I0A1T1_FERFK,tr|A8AAB0|A8AAB0_IGNH4
tr|L0HN92|L0HN92_ACIS0,tr|I0A2Y2|I0A2Y2_FERFK,tr|A8A9X2|A8A9X2_IGNH4
tr|A8A9L6|A8A9L6_IGNH4,tr|I0A1K2|I0A1K2_FERFK,tr|L0HPH0|L0HPH0_ACIS0
tr|A8A8I4|A8A8I4_IGNH4,tr|I0A019|I0A019_FERFK,tr|L0HN49|L0HN49_ACIS0
tr|L0HKG3|L0HKG3_ACIS0,tr|I0A1I6|I0A1I6_FERFK,tr|A8A904|A8A904_IGNH4
tr|L0HQ99|L0HQ99_ACIS0,tr|I0A0T1|I0A0T1_FERFK,tr|A8A928|A8A928_IGNH4
tr|L0HMG4|L0HMG4_ACIS0,tr|H9ZZF0|H9ZZF0_FERFK,tr|A8A8L0|A8A8L0_IGNH4
tr|L0HK28|L0HK28_ACIS0,tr|I0A0R7|I0A0R7_FERFK,tr|A8A918|A8A918_IGNH4
tr|L0HMY8|L0HMY8_ACIS0,tr|I0A133|I0A133_FERFK,tr|A8A8S8|A8A8S8_IGNH4
tr|A8AAZ0|A8AAZ0_IGNH4,tr|I0A0G8|I0A0G8_FERFK,tr|L0HKD8|L0HKD8_ACIS0
sp|A8ABK3|IF5A_IGNH4,tr|I0A297|I0A297_FERFK,tr|L0HGN0|L0HGN0_ACIS0
sp|A8ABI5|SYE_IGNH4,tr|I0A0D5|I0A0D5_FERFK,tr|L0HM12|L0HM12_ACIS0
tr|L0HKY5|L0HKY5_ACIS0,tr|I0A0E7|I0A0E7_FERFK,tr|A8A8W5|A8A8W5_IGNH4
tr|A8AC08|A8AC08_IGNH4,tr|I0A2H0|I0A2H0_FERFK,tr|L0HMA3|L0HMA3_ACIS0
tr|A8A974|A8A974_IGNH4,tr|H9ZZK3|H9ZZK3_FERFK,tr|L0HMG8|L0HMG8_ACIS0
tr|L0HP30|L0HP30_ACIS0,tr|H9ZZM5|H9ZZM5_FERFK,tr|A8A8E3|A8A8E3_IGNH4
tr|L0HLR5|L0HLR5_ACIS0,tr|I0A1W6|I0A1W6_FERFK,tr|A8AAT7|A8AAT7_IGNH4
tr|A8A9Y4|A8A9Y4_IGNH4,tr|I0A1H1|I0A1H1_FERFK,tr|L0HMN0|L0HMN0_ACIS0
tr|A8A8Q9|A8A8Q9_IGNH4,tr|I0A294|I0A294_FERFK,tr|L0HKU1|L0HKU1_ACIS0
sp|A8A9E4|FBPAP_IGNH4,tr|I0A1U2|I0A1U2_FERFK,tr|L0HKC6|L0HKC6_ACIS0
sp|A8A948|KAE1_IGNH4,tr|I0A2W4|I0A2W4_FERFK,tr|L0HJS3|L0HJS3_ACIS0
tr|L0HKS0|L0HKS0_ACIS0,tr|I0A156|I0A156_FERFK,sp|A8A8V6|ALBA_IGNH4
tr|L0HLA0|L0HLA0_ACIS0,tr|H9ZZN9|H9ZZN9_FERFK,tr|A8A9A0|A8A9A0_IGNH4
tr|A8A9N9|A8A9N9_IGNH4,tr|H9ZZ91|H9ZZ91_FERFK,tr|L0HM67|L0HM67_ACIS0
tr|A8A9Z3|A8A9Z3_IGNH4,tr|H9ZZT3|H9ZZT3_FERFK,tr|L0HM92|L0HM92_ACIS0
tr|A8AB31|A8AB31_IGNH4,tr|H9ZZG2|H9ZZG2_FERFK,tr|L0HK82|L0HK82_ACIS0
tr|L0HMN9|L0HMN9_ACIS0,tr|I0A2F2|I0A2F2_FERFK,tr|A8AAY2|A8AAY2_IGNH4
tr|L0HIP4|L0HIP4_ACIS0,tr|I0A1I4|I0A1I4_FERFK,tr|A8A932|A8A932_IGNH4
tr|L0HJQ4|L0HJQ4_ACIS0,tr|I0A2D2|I0A2D2_FERFK,tr|A8A8M7|A8A8M7_IGNH4
tr|A8AAS9|A8AAS9_IGNH4,tr|I0A2C8|I0A2C8_FERFK,tr|L0HK52|L0HK52_ACIS0
tr|L0HLQ5|L0HLQ5_ACIS0,tr|I0A0J0|I0A0J0_FERFK,tr|A8ACD5|A8ACD5_IGNH4
tr|A8AAW9|A8AAW9_IGNH4,tr|I0A015|I0A015_FERFK,tr|L0HQM5|L0HQM5_ACIS0,tr|H9ZZY9|H9ZZY9_FERFK
tr|L0HLE0|L0HLE0_ACIS0,tr|I0A1W4|I0A1W4_FERFK,tr|A8A9C4|A8A9C4_IGNH4
tr|A8AAZ3|A8AAZ3_IGNH4,tr|I0A0G6|I0A0G6_FERFK,tr|L0HPH7|L0HPH7_ACIS0
tr|A8A9F4|A8A9F4_IGNH4,tr|I0A241|I0A241_FERFK,tr|L0HLM9|L0HLM9_ACIS0
tr|A8A933|A8A933_IGNH4,tr|I0A1I5|I0A1I5_FERFK,tr|L0HM41|L0HM41_ACIS0
tr|A8AC82|A8AC82_IGNH4,tr|H9ZZW8|H9ZZW8_FERFK,tr|L0HQF7|L0HQF7_ACIS0
tr|A8A9R7|A8A9R7_IGNH4,tr|I0A1F7|I0A1F7_FERFK,tr|L0HQL5|L0HQL5_ACIS0
tr|L0HQG8|L0HQG8_ACIS0,tr|I0A273|I0A273_FERFK,tr|A8ABI1|A8ABI1_IGNH4
tr|L0HLR2|L0HLR2_ACIS0,tr|I0A1X2|I0A1X2_FERFK,tr|A8A934|A8A934_IGNH4
tr|A8ABB7|A8ABB7_IGNH4,tr|I0A0B2|I0A0B2_FERFK,tr|L0HJ59|L0HJ59_ACIS0
tr|A8A9I9|A8A9I9_IGNH4,tr|I0A0X7|I0A0X7_FERFK,tr|L0HLY5|L0HLY5_ACIS0
tr|A8A965|A8A965_IGNH4,tr|I0A2N7|I0A2N7_FERFK,tr|L0HKS5|L0HKS5_ACIS0
sp|A8A8W4|RS11_IGNH4,tr|I0A0E8|I0A0E8_FERFK,tr|L0HPW3|L0HPW3_ACIS0
tr|L0HP90|L0HP90_ACIS0,tr|I0A0E4|I0A0E4_FERFK,tr|A8A8W8|A8A8W8_IGNH4
tr|A8A937|A8A937_IGNH4,tr|I0A1V7|I0A1V7_FERFK,tr|L0HHV6|L0HHV6_ACIS0,tr|A8A9Z4|A8A9Z4_IGNH4
tr|L0HMR7|L0HMR7_ACIS0,tr|I0A1E8|I0A1E8_FERFK,tr|A8AAA6|A8AAA6_IGNH4
tr|L0HPW4|L0HPW4_ACIS0,tr|I0A0G0|I0A0G0_FERFK,tr|A8ABT1|A8ABT1_IGNH4
tr|A8ABY4|A8ABY4_IGNH4,tr|H9ZZR9|H9ZZR9_FERFK,tr|L0HPC7|L0HPC7_ACIS0
tr|L0HMT7|L0HMT7_ACIS0,tr|I0A191|I0A191_FERFK,tr|A8AB25|A8AB25_IGNH4
tr|L0HPL4|L0HPL4_ACIS0,tr|I0A0F4|I0A0F4_FERFK,tr|A8A9N5|A8A9N5_IGNH4
tr|A8AB65|A8AB65_IGNH4,tr|I0A290|I0A290_FERFK,tr|L0HHJ4|L0HHJ4_ACIS0
tr|A8A928|A8A928_IGNH4,tr|I0A0T1|I0A0T1_FERFK,tr|L0HQ99|L0HQ99_ACIS0
tr|A8AAS1|A8AAS1_IGNH4,tr|I0A1K4|I0A1K4_FERFK,tr|L0HKB1|L0HKB1_ACIS0
tr|A8ABF4|A8ABF4_IGNH4,tr|I0A199|I0A199_FERFK,tr|L0HLV2|L0HLV2_ACIS0
sp|A8ABB4|RNZ_IGNH4,tr|I0A1X0|I0A1X0_FERFK,tr|L0HNM6|L0HNM6_ACIS0
